ts_code,trade_date,open,high,low,close,vol,amount
510050.SH,20220104,3.27,3.27,3.205,3.247,5552643.59,1793352.766
510050.SH,20220105,3.242,3.277,3.226,3.241,6293083.89,2042819.697
510050.SH,20220106,3.229,3.238,3.18,3.193,7819094.36,2501908.718
510050.SH,20220107,3.199,3.223,3.199,3.207,5467259.99,1756458.794
510050.SH,20220110,3.208,3.223,3.185,3.216,4806253.29,1542651.733
510050.SH,20220111,3.216,3.233,3.192,3.196,5504840.21,1766569.573
510050.SH,20220112,3.206,3.23,3.198,3.22,5313752.5,1707418.672
510050.SH,20220113,3.226,3.234,3.164,3.166,7917415.95,2527951.59
510050.SH,20220114,3.16,3.162,3.119,3.12,7288699.66,2285226.948
510050.SH,20220117,3.118,3.143,3.117,3.131,5644913.5,1767099.986
510050.SH,20220118,3.131,3.182,3.12,3.169,11338388.23,3581074.095
510050.SH,20220119,3.176,3.186,3.156,3.169,4869956.79,1545037.752
510050.SH,20220120,3.168,3.237,3.168,3.214,7415491.41,2380332.5
510050.SH,20220121,3.211,3.22,3.189,3.206,6242965.82,2000037.066
510050.SH,20220124,3.192,3.203,3.165,3.195,6965072.8,2219540.463
510050.SH,20220125,3.179,3.181,3.125,3.129,7431757.14,2345231.42
510050.SH,20220126,3.136,3.152,3.113,3.144,8433656.39,2648454.419
510050.SH,20220127,3.145,3.145,3.098,3.107,9698175.57,3029864.609
510050.SH,20220128,3.117,3.125,3.029,3.036,11994193.08,3688024.015
510050.SH,20220207,3.082,3.111,3.074,3.095,7404357.34,2291127.709
510050.SH,20220208,3.097,3.103,3.04,3.098,6533423.23,2009339.884
510050.SH,20220209,3.1,3.129,3.09,3.12,8159284.35,2539232.371
510050.SH,20220210,3.122,3.129,3.106,3.128,5020394.03,1565474.717
510050.SH,20220211,3.119,3.155,3.112,3.123,5477670.71,1718538.694
510050.SH,20220214,3.115,3.118,3.077,3.088,5255438.0,1626756.143
510050.SH,20220215,3.085,3.11,3.08,3.1,4198538.73,1299681.942
510050.SH,20220216,3.114,3.13,3.109,3.116,4279681.4,1335079.945
510050.SH,20220217,3.112,3.14,3.112,3.119,4117645.86,1286970.867
510050.SH,20220218,3.11,3.147,3.102,3.144,3962130.97,1238739.274
510050.SH,20220221,3.139,3.14,3.109,3.13,5170776.0,1613113.68
510050.SH,20220222,3.1,3.102,3.063,3.081,6400698.4,1971297.843
510050.SH,20220223,3.089,3.101,3.072,3.1,5288407.6,1634065.799
510050.SH,20220224,3.084,3.084,3.022,3.043,6452422.58,1970707.439
510050.SH,20220225,3.055,3.088,3.047,3.056,6904135.11,2117127.007
510050.SH,20220228,3.053,3.064,3.031,3.061,3183378.66,970271.392
510050.SH,20220301,3.073,3.112,3.073,3.105,5458820.88,1687950.58
510050.SH,20220302,3.092,3.095,3.08,3.088,3233350.65,998170.253
510050.SH,20220303,3.101,3.109,3.069,3.078,3603684.46,1111193.263
510050.SH,20220304,3.05,3.06,3.031,3.046,5981769.41,1820762.167
510050.SH,20220307,3.026,3.028,2.946,2.955,7475231.53,2225462.031
510050.SH,20220308,2.965,2.985,2.899,2.915,12366473.36,3638941.39
510050.SH,20220309,2.929,2.945,2.79,2.887,12421483.93,3580232.451
510050.SH,20220310,2.942,2.948,2.909,2.913,10781328.03,3160686.53
510050.SH,20220311,2.881,2.929,2.832,2.922,10361809.01,2987125.612
510050.SH,20220314,2.88,2.901,2.83,2.832,9301740.51,2669001.144
510050.SH,20220315,2.8,2.813,2.683,2.687,15065340.0,4126797.494
510050.SH,20220316,2.72,2.822,2.673,2.81,16251019.81,4455049.406
510050.SH,20220317,2.866,2.899,2.841,2.857,10791913.26,3093930.125
510050.SH,20220318,2.846,2.91,2.836,2.891,8830876.33,2537726.619
510050.SH,20220321,2.898,2.899,2.849,2.874,8743420.04,2510854.229
510050.SH,20220322,2.865,2.906,2.863,2.882,4903376.74,1413958.454
510050.SH,20220323,2.892,2.909,2.873,2.899,6275029.9,1814844.0
510050.SH,20220324,2.88,2.902,2.869,2.884,2915790.3,840749.078
510050.SH,20220325,2.88,2.896,2.836,2.838,4257994.62,1218662.403
510050.SH,20220328,2.814,2.851,2.781,2.836,6760073.66,1906883.818
510050.SH,20220329,2.842,2.856,2.82,2.823,3495068.51,991126.252
510050.SH,20220330,2.842,2.899,2.842,2.898,7433085.76,2137583.35
510050.SH,20220331,2.89,2.896,2.877,2.881,5492682.86,1584805.677
510050.SH,20220401,2.863,2.939,2.858,2.923,7765688.4,2254310.098
510050.SH,20220406,2.904,2.921,2.889,2.911,8255949.59,2398340.842
510050.SH,20220407,2.899,2.93,2.879,2.884,5322913.55,1543673.755
510050.SH,20220408,2.885,2.915,2.873,2.909,5358440.31,1551172.028
510050.SH,20220411,2.897,2.897,2.823,2.832,7152072.0,2034586.74
510050.SH,20220412,2.832,2.878,2.812,2.876,8341404.64,2377636.364
510050.SH,20220413,2.861,2.895,2.856,2.866,5107813.12,1468231.736
510050.SH,20220414,2.89,2.928,2.881,2.911,7633661.63,2218710.405
510050.SH,20220415,2.895,2.928,2.89,2.914,8478055.36,2471210.228
510050.SH,20220418,2.889,2.89,2.856,2.871,6604404.74,1896478.657
510050.SH,20220419,2.868,2.882,2.823,2.844,6117138.66,1743034.539
510050.SH,20220420,2.846,2.849,2.81,2.816,5419702.9,1531785.272
510050.SH,20220421,2.804,2.829,2.763,2.78,8308242.07,2325792.515
510050.SH,20220422,2.758,2.808,2.751,2.795,6094221.17,1699084.224
510050.SH,20220425,2.74,2.758,2.66,2.662,12434371.48,3378722.469
510050.SH,20220426,2.66,2.713,2.65,2.664,12322148.96,3297143.247
510050.SH,20220427,2.662,2.718,2.658,2.714,13866747.94,3739354.461
510050.SH,20220428,2.706,2.754,2.703,2.749,10805321.44,2952175.457
510050.SH,20220429,2.761,2.807,2.725,2.793,8757636.75,2424102.314
510050.SH,20220505,2.793,2.812,2.781,2.781,7757035.81,2166992.125
510050.SH,20220506,2.743,2.748,2.697,2.703,9768213.46,2653636.946
510050.SH,20220509,2.687,2.699,2.661,2.677,6909343.26,1848751.782
510050.SH,20220510,2.649,2.72,2.628,2.701,8519658.52,2284312.005
510050.SH,20220511,2.695,2.751,2.695,2.722,9274502.34,2530197.205
510050.SH,20220512,2.71,2.722,2.696,2.702,5188620.21,1405084.096
510050.SH,20220513,2.72,2.743,2.711,2.729,3986972.64,1087246.321
510050.SH,20220516,2.745,2.747,2.691,2.702,5922818.58,1605527.653
510050.SH,20220517,2.711,2.738,2.708,2.737,4675288.42,1274458.663
510050.SH,20220518,2.747,2.747,2.702,2.728,5689127.02,1550360.229
510050.SH,20220519,2.699,2.734,2.696,2.726,4461151.59,1210351.78
510050.SH,20220520,2.742,2.795,2.74,2.793,8922726.37,2474674.295
510050.SH,20220523,2.798,2.798,2.751,2.763,7093710.06,1961050.478
510050.SH,20220524,2.764,2.769,2.716,2.72,7121112.9,1952134.682
510050.SH,20220525,2.721,2.734,2.711,2.725,6089973.28,1657074.325
510050.SH,20220526,2.73,2.753,2.698,2.725,5458059.17,1484799.595
510050.SH,20220527,2.747,2.773,2.735,2.744,5396186.99,1487042.432
510050.SH,20220530,2.765,2.773,2.75,2.758,6310445.23,1741725.69
510050.SH,20220531,2.758,2.801,2.752,2.792,5362546.32,1493499.919
510050.SH,20220601,2.795,2.795,2.766,2.782,5126843.41,1426047.953
510050.SH,20220602,2.767,2.779,2.759,2.777,3672026.88,1016592.218
510050.SH,20220606,2.778,2.81,2.746,2.81,5443270.21,1515472.323
510050.SH,20220607,2.808,2.851,2.8,2.829,5776688.73,1635055.97
510050.SH,20220608,2.837,2.875,2.834,2.863,5626271.7,1604535.512
510050.SH,20220609,2.86,2.88,2.845,2.853,5398185.38,1544512.144
510050.SH,20220610,2.835,2.895,2.829,2.886,4702391.85,1346315.169
510050.SH,20220613,2.854,2.86,2.816,2.835,5931107.72,1681453.194
510050.SH,20220614,2.809,2.876,2.799,2.874,7755880.93,2194338.596
510050.SH,20220615,2.872,2.963,2.871,2.913,12271223.9,3591944.918
510050.SH,20220616,2.922,2.929,2.88,2.886,4639963.93,1347935.863
510050.SH,20220617,2.873,2.936,2.871,2.929,7152977.31,2083071.05
510050.SH,20220620,2.933,2.954,2.902,2.923,6990889.36,2044557.481
510050.SH,20220621,2.924,2.951,2.906,2.929,5710038.21,1672869.235
510050.SH,20220622,2.932,2.935,2.896,2.898,3973502.63,1157514.435
510050.SH,20220623,2.901,2.945,2.9,2.939,4486794.89,1311328.07
510050.SH,20220624,2.952,2.99,2.946,2.978,5401597.16,1601795.157
510050.SH,20220627,2.991,3.04,2.991,3.016,7580648.11,2288335.062
510050.SH,20220628,3.017,3.101,2.998,3.043,4321870.74,1307050.775
510050.SH,20220629,3.029,3.055,3.008,3.018,4558015.45,1380922.92
510050.SH,20220630,3.017,3.1,3.017,3.069,5664874.74,1737013.42
510050.SH,20220701,3.078,3.084,3.045,3.058,4184347.82,1281364.059
510050.SH,20220704,3.045,3.065,3.021,3.063,3057820.09,931995.484
510050.SH,20220705,3.076,3.096,3.027,3.063,5602186.41,1712521.998
510050.SH,20220706,3.055,3.057,2.994,3.011,4426048.29,1335811.67
510050.SH,20220707,3.002,3.02,2.983,3.002,3829753.67,1150200.422
510050.SH,20220708,3.022,3.039,3.004,3.006,2920431.1,881322.854
510050.SH,20220711,2.99,2.991,2.95,2.961,4341076.1,1286585.866
510050.SH,20220712,2.956,2.975,2.934,2.944,4125209.35,1218156.4
510050.SH,20220713,2.944,2.953,2.924,2.935,2916523.35,857259.453
510050.SH,20220714,2.931,2.938,2.902,2.915,4185121.89,1222818.957
510050.SH,20220715,2.911,2.949,2.871,2.872,8027838.77,2332966.371
510050.SH,20220718,2.878,2.919,2.864,2.911,4859840.54,1406810.014
510050.SH,20220719,2.906,2.91,2.871,2.899,4961418.86,1434523.577
510050.SH,20220720,2.915,2.922,2.9,2.908,4356376.87,1267792.744
510050.SH,20220721,2.899,2.906,2.872,2.874,4332891.88,1250566.887
510050.SH,20220722,2.881,2.912,2.865,2.887,6894780.56,1995337.712
510050.SH,20220725,2.883,2.887,2.868,2.878,3948924.22,1135669.666
510050.SH,20220726,2.882,2.904,2.882,2.891,3970740.59,1148621.055
510050.SH,20220727,2.884,2.887,2.862,2.867,6246511.17,1793487.279
510050.SH,20220728,2.879,2.905,2.864,2.866,8118062.64,2339335.599
510050.SH,20220729,2.871,2.893,2.822,2.828,6098264.61,1740933.854
510050.SH,20220801,2.821,2.832,2.802,2.818,4256154.15,1198460.328
510050.SH,20220802,2.796,2.796,2.745,2.77,5940224.41,1643765.774
510050.SH,20220803,2.776,2.793,2.744,2.75,5733682.76,1584371.473
510050.SH,20220804,2.764,2.785,2.756,2.777,8675552.04,2404237.203
510050.SH,20220805,2.788,2.82,2.775,2.815,6175029.53,1722853.238
510050.SH,20220808,2.805,2.814,2.789,2.8,4133078.97,1158355.031
510050.SH,20220809,2.799,2.807,2.791,2.801,3291963.84,921778.487
510050.SH,20220810,2.797,2.807,2.758,2.768,4344089.76,1207218.471
510050.SH,20220811,2.781,2.829,2.774,2.826,6835069.79,1919505.464
510050.SH,20220812,2.822,2.843,2.816,2.836,4601064.67,1301788.386
510050.SH,20220815,2.824,2.853,2.818,2.82,2984686.15,844836.555
510050.SH,20220816,2.824,2.835,2.802,2.807,3147017.64,886542.483
510050.SH,20220817,2.807,2.832,2.788,2.823,3779948.45,1063987.0
510050.SH,20220818,2.82,2.823,2.789,2.797,3829147.37,1072639.145
510050.SH,20220819,2.792,2.812,2.788,2.792,3939698.86,1102733.867
510050.SH,20220822,2.784,2.808,2.778,2.793,6197564.23,1731032.833
510050.SH,20220823,2.794,2.8,2.766,2.774,5022696.52,1395247.862
510050.SH,20220824,2.779,2.792,2.743,2.746,7685177.48,2123445.772
510050.SH,20220825,2.753,2.799,2.747,2.793,7955267.49,2203557.05
510050.SH,20220826,2.795,2.806,2.788,2.794,4635610.63,1295958.363
510050.SH,20220829,2.769,2.781,2.76,2.772,3635048.52,1007041.3
510050.SH,20220830,2.775,2.781,2.745,2.768,3630781.14,1002535.126
510050.SH,20220831,2.756,2.823,2.754,2.801,7917503.81,2212308.581
510050.SH,20220901,2.794,2.802,2.77,2.775,5907740.29,1647792.306
510050.SH,20220902,2.779,2.783,2.737,2.752,8083528.21,2228542.652
510050.SH,20220905,2.743,2.747,2.716,2.741,5031000.27,1373200.723
510050.SH,20220906,2.745,2.767,2.743,2.764,5909973.88,1628304.205
510050.SH,20220907,2.752,2.761,2.745,2.754,4643491.61,1277352.792
510050.SH,20220908,2.757,2.767,2.747,2.748,4341481.24,1197687.499
510050.SH,20220909,2.755,2.806,2.754,2.8,6878768.1,1918852.921
510050.SH,20220913,2.809,2.824,2.793,2.808,6487624.65,1823372.567
510050.SH,20220914,2.783,2.804,2.78,2.788,9081888.95,2534487.51
510050.SH,20220915,2.794,2.81,2.771,2.784,12024532.0,3355268.08
510050.SH,20220916,2.774,2.781,2.722,2.724,15936290.71,4375778.046
510050.SH,20220919,2.717,2.735,2.71,2.719,8049654.2,2191439.467
510050.SH,20220920,2.73,2.733,2.706,2.714,6232720.06,1694955.748
510050.SH,20220921,2.705,2.713,2.681,2.691,5623310.57,1516755.684
510050.SH,20220922,2.679,2.689,2.664,2.67,6582474.37,1759693.948
510050.SH,20220923,2.666,2.691,2.659,2.672,6224873.35,1665702.46
510050.SH,20220926,2.659,2.69,2.651,2.654,7749392.04,2069510.131
510050.SH,20220927,2.657,2.685,2.648,2.681,7418856.15,1979284.034
510050.SH,20220928,2.669,2.676,2.648,2.651,7378431.51,1965171.759
510050.SH,20220929,2.668,2.683,2.636,2.651,7329518.06,1951099.73
510050.SH,20220930,2.654,2.674,2.647,2.65,7514908.41,1997170.45
510050.SH,20221010,2.65,2.653,2.58,2.586,7781606.42,2035182.638
510050.SH,20221011,2.588,2.593,2.572,2.578,5033067.53,1299435.1
510050.SH,20221012,2.58,2.598,2.518,2.594,8093945.56,2070629.003
510050.SH,20221013,2.576,2.582,2.555,2.564,6414021.88,1645638.881
510050.SH,20221014,2.586,2.637,2.582,2.625,10523433.12,2752012.327
510050.SH,20221017,2.615,2.626,2.602,2.623,5228932.56,1366455.897
510050.SH,20221018,2.636,2.641,2.604,2.608,4904993.1,1284671.805
510050.SH,20221019,2.606,2.614,2.556,2.557,6385676.36,1645859.527
510050.SH,20221020,2.542,2.578,2.534,2.544,7296326.8,1858155.867
510050.SH,20221021,2.55,2.556,2.513,2.527,6320970.17,1602802.373
510050.SH,20221024,2.52,2.537,2.424,2.439,17748113.32,4376183.57
510050.SH,20221025,2.427,2.471,2.417,2.431,10930380.77,2664513.587
510050.SH,20221026,2.431,2.479,2.43,2.439,13450189.71,3293093.07
510050.SH,20221027,2.451,2.474,2.418,2.419,10885377.45,2658001.249
510050.SH,20221028,2.403,2.419,2.36,2.365,11179535.98,2670625.528
510050.SH,20221031,2.344,2.365,2.321,2.333,12195803.93,2852410.742
510050.SH,20221101,2.342,2.438,2.342,2.436,13770241.5,3288850.968
510050.SH,20221102,2.422,2.476,2.415,2.456,15672544.72,3834184.553
510050.SH,20221103,2.438,2.447,2.412,2.425,9722300.44,2361828.219
510050.SH,20221104,2.422,2.519,2.422,2.506,13133776.97,3268200.932
510050.SH,20221107,2.489,2.531,2.486,2.515,11106736.76,2787113.958
510050.SH,20221108,2.516,2.524,2.482,2.497,6605711.67,1648211.115
510050.SH,20221109,2.497,2.511,2.472,2.478,6643329.11,1651637.056
510050.SH,20221110,2.464,2.493,2.453,2.482,11678145.21,2892796.077
510050.SH,20221111,2.55,2.589,2.521,2.555,16973692.72,4326808.323
510050.SH,20221114,2.6,2.618,2.57,2.576,15486305.57,4013741.256
510050.SH,20221115,2.567,2.635,2.564,2.625,12226143.49,3189122.943
510050.SH,20221116,2.62,2.637,2.608,2.615,7806403.92,2043886.72
510050.SH,20221117,2.604,2.61,2.571,2.6,10278700.02,2660742.024
510050.SH,20221118,2.605,2.614,2.582,2.59,7524799.19,1953528.577
510050.SH,20221121,2.568,2.57,2.526,2.557,8268059.29,2101931.18
510050.SH,20221122,2.555,2.599,2.546,2.57,9408622.67,2417284.648
510050.SH,20221123,2.566,2.595,2.56,2.575,9330573.4,2406142.08
510050.SH,20221124,2.588,2.603,2.553,2.558,7119700.0,1832825.412
510050.SH,20221125,2.555,2.595,2.552,2.585,6312891.33,1628041.416
510050.SH,20221128,2.537,2.548,2.498,2.54,10288460.94,2592277.356
510050.SH,20221129,2.566,2.65,2.566,2.648,14043226.71,3670243.371
510050.SH,20221130,2.638,2.663,2.634,2.645,7005994.1,1853936.728
510050.SH,20221201,2.66,2.685,2.631,2.632,7735662.05,2050786.924
510050.SH,20221202,2.63,2.636,2.613,2.617,8205385.49,2153288.547
510050.SH,20221205,2.648,2.681,2.635,2.68,10830216.13,2883331.828
510050.SH,20221206,2.673,2.707,2.662,2.688,8166304.94,2193238.79
510050.SH,20221207,2.68,2.71,2.662,2.671,9127564.91,2448139.349
510050.SH,20221208,2.668,2.685,2.664,2.677,4527157.1,1210498.131
510050.SH,20221209,2.679,2.716,2.664,2.708,7896589.64,2125558.628
510050.SH,20221212,2.689,2.701,2.671,2.676,4831704.64,1297769.203
510050.SH,20221213,2.677,2.692,2.672,2.679,3551559.97,951883.864
510050.SH,20221214,2.679,2.705,2.668,2.696,7044530.64,1893755.883
510050.SH,20221215,2.694,2.707,2.668,2.682,5400835.91,1448617.499
510050.SH,20221216,2.673,2.698,2.67,2.693,5504956.79,1478414.493
510050.SH,20221219,2.697,2.705,2.643,2.653,7931806.81,2117504.181
510050.SH,20221220,2.644,2.648,2.585,2.607,8140171.76,2127875.028
510050.SH,20221221,2.608,2.622,2.607,2.612,5486896.97,1434438.923
510050.SH,20221222,2.632,2.651,2.614,2.629,5840744.87,1538909.382
510050.SH,20221223,2.614,2.637,2.605,2.622,7678327.74,2014199.404
510050.SH,20221226,2.623,2.633,2.608,2.612,4623436.76,1210960.874
510050.SH,20221227,2.639,2.65,2.626,2.642,7312859.62,1929865.041
510050.SH,20221228,2.638,2.656,2.629,2.649,7116068.3,1881691.458
510050.SH,20221229,2.634,2.639,2.613,2.635,6529419.18,1714475.689
510050.SH,20221230,2.646,2.66,2.643,2.649,5732132.31,1520649.115
510050.SH,20230103,2.64,2.659,2.615,2.651,6994090.77,1844826.513
510050.SH,20230104,2.652,2.668,2.646,2.66,6811504.78,1810452.57
510050.SH,20230105,2.68,2.715,2.676,2.71,7673492.84,2071085.59
510050.SH,20230106,2.712,2.731,2.709,2.725,5207344.19,1416608.193
510050.SH,20230109,2.734,2.758,2.731,2.75,5767040.74,1584096.617
510050.SH,20230110,2.75,2.758,2.74,2.742,3703963.61,1017608.3
510050.SH,20230111,2.746,2.77,2.742,2.748,5501240.71,1517125.195
510050.SH,20230112,2.757,2.761,2.742,2.754,3760025.41,1034524.416
510050.SH,20230113,2.762,2.8,2.758,2.799,6211516.42,1728075.866
510050.SH,20230116,2.801,2.881,2.8,2.847,14942685.46,4262365.349
510050.SH,20230117,2.845,2.85,2.824,2.838,7745355.97,2196088.455
510050.SH,20230118,2.839,2.85,2.816,2.819,4374144.96,1236940.535
510050.SH,20230119,2.811,2.831,2.794,2.829,10608961.08,2985736.641
510050.SH,20230120,2.838,2.858,2.831,2.848,5153371.34,1465592.269
510050.SH,20230130,2.9,2.905,2.843,2.849,7222289.77,2069324.928
510050.SH,20230131,2.85,2.865,2.814,2.819,10023086.79,2836178.472
510050.SH,20230201,2.826,2.831,2.787,2.83,8801467.5,2472760.206
510050.SH,20230202,2.839,2.84,2.805,2.824,6050658.95,1704484.775
510050.SH,20230203,2.806,2.815,2.76,2.783,7186049.61,1995759.622
510050.SH,20230206,2.756,2.757,2.724,2.739,8026408.4,2196833.433
510050.SH,20230207,2.748,2.759,2.737,2.747,5385889.91,1480671.975
510050.SH,20230208,2.75,2.769,2.736,2.74,4116146.45,1130538.49
510050.SH,20230209,2.736,2.776,2.734,2.769,7419446.08,2051189.036
510050.SH,20230210,2.762,2.765,2.746,2.757,4470683.84,1231360.996
510050.SH,20230213,2.746,2.779,2.738,2.775,6914538.84,1910593.163
510050.SH,20230214,2.776,2.787,2.767,2.786,3698114.37,1026498.605
510050.SH,20230215,2.785,2.791,2.755,2.76,4629191.4,1279511.916
510050.SH,20230216,2.764,2.797,2.731,2.75,9284072.63,2574727.599
510050.SH,20230217,2.745,2.767,2.718,2.721,8286178.57,2274513.725
510050.SH,20230220,2.729,2.801,2.722,2.798,16163012.26,4457500.171
510050.SH,20230221,2.797,2.816,2.788,2.812,12571253.73,3523700.04
510050.SH,20230222,2.798,2.805,2.772,2.775,9068767.0,2528661.213
510050.SH,20230223,2.778,2.797,2.762,2.774,5492707.88,1525445.871
510050.SH,20230224,2.773,2.773,2.727,2.736,5845898.73,1603326.991
510050.SH,20230227,2.723,2.745,2.719,2.733,3753528.71,1026115.22
510050.SH,20230228,2.739,2.749,2.708,2.746,5747269.81,1569746.201
510050.SH,20230301,2.744,2.792,2.737,2.777,10752491.63,2982122.672
510050.SH,20230302,2.772,2.79,2.767,2.776,4911638.88,1364403.34
510050.SH,20230303,2.785,2.792,2.763,2.779,5105757.54,1418655.537
510050.SH,20230306,2.779,2.78,2.74,2.749,6715823.65,1847879.966
510050.SH,20230307,2.744,2.767,2.715,2.718,8496081.15,2329975.954
510050.SH,20230308,2.708,2.71,2.685,2.697,6506472.22,1753945.559
510050.SH,20230309,2.698,2.701,2.664,2.678,9251809.0,2481642.694
510050.SH,20230310,2.661,2.674,2.64,2.642,7825452.31,2078417.819
510050.SH,20230313,2.64,2.679,2.64,2.669,5792902.38,1543605.37
510050.SH,20230314,2.666,2.666,2.633,2.651,6653104.67,1763790.666
510050.SH,20230315,2.67,2.679,2.651,2.652,6798531.58,1809780.353
510050.SH,20230316,2.637,2.655,2.625,2.627,6448527.26,1702994.098
510050.SH,20230317,2.646,2.68,2.623,2.637,11076690.0,2934197.061
510050.SH,20230320,2.64,2.651,2.618,2.62,5590149.17,1472764.878
510050.SH,20230321,2.63,2.652,2.628,2.647,8774689.74,2317373.454
510050.SH,20230322,2.654,2.671,2.647,2.656,7796568.82,2073499.381
510050.SH,20230323,2.647,2.674,2.647,2.673,4218210.49,1123529.299
510050.SH,20230324,2.669,2.671,2.653,2.66,4224135.87,1123718.051
510050.SH,20230327,2.655,2.662,2.633,2.643,4972088.43,1313211.255
510050.SH,20230328,2.649,2.657,2.637,2.644,4814232.17,1273345.596
510050.SH,20230329,2.66,2.664,2.636,2.64,4370343.8,1157229.894
510050.SH,20230330,2.64,2.673,2.633,2.672,5811135.9,1541860.963
510050.SH,20230331,2.675,2.688,2.663,2.669,5827103.75,1558997.0
510050.SH,20230403,2.669,2.68,2.658,2.672,5775600.34,1542149.143
510050.SH,20230404,2.675,2.683,2.663,2.682,5277525.13,1409821.159
510050.SH,20230406,2.671,2.679,2.662,2.67,5102222.58,1362775.549
510050.SH,20230407,2.67,2.699,2.669,2.689,4394098.62,1181089.977
510050.SH,20230410,2.694,2.697,2.677,2.69,4274875.49,1148831.495
510050.SH,20230411,2.692,2.699,2.674,2.684,5134756.4,1379171.23
510050.SH,20230412,2.686,2.688,2.667,2.669,3529873.11,943960.932
510050.SH,20230413,2.663,2.68,2.656,2.673,4260967.48,1136774.85
510050.SH,20230414,2.68,2.696,2.674,2.684,3758751.52,1008943.47
510050.SH,20230417,2.684,2.739,2.68,2.738,8260095.62,2241058.337
510050.SH,20230418,2.735,2.756,2.731,2.748,6840900.31,1878871.143
510050.SH,20230419,2.749,2.753,2.721,2.724,7059403.3,1930501.674
510050.SH,20230420,2.724,2.726,2.699,2.706,9927785.1,2688941.409
510050.SH,20230421,2.708,2.709,2.655,2.659,6940427.56,1862111.507
510050.SH,20230424,2.658,2.662,2.613,2.623,6537842.48,1723665.713
510050.SH,20230425,2.626,2.632,2.601,2.622,6843513.8,1790892.02
510050.SH,20230426,2.622,2.63,2.611,2.619,9901828.84,2595482.487
510050.SH,20230427,2.619,2.664,2.617,2.656,6106726.33,1612306.898
510050.SH,20230428,2.656,2.687,2.656,2.68,5385947.5,1441790.09
510050.SH,20230504,2.67,2.698,2.657,2.695,8033273.9,2158070.035
510050.SH,20230505,2.699,2.707,2.675,2.687,4276098.49,1151525.886
510050.SH,20230508,2.69,2.73,2.687,2.724,7718972.64,2094906.057
510050.SH,20230509,2.728,2.752,2.705,2.706,9460391.58,2581293.466
510050.SH,20230510,2.702,2.712,2.673,2.674,12671442.02,3407351.445
510050.SH,20230511,2.683,2.69,2.664,2.668,3414709.01,914424.225
510050.SH,20230512,2.665,2.673,2.63,2.631,8381463.01,2219185.719
510050.SH,20230515,2.63,2.681,2.623,2.68,7365412.76,1948633.565
510050.SH,20230516,2.682,2.688,2.664,2.674,4139536.8,1108002.07
510050.SH,20230517,2.671,2.677,2.643,2.649,6463837.79,1719511.803
510050.SH,20230518,2.655,2.668,2.635,2.645,5001810.98,1326092.063
510050.SH,20230519,2.637,2.654,2.614,2.634,4895589.32,1289095.178
510050.SH,20230522,2.632,2.673,2.63,2.659,6057545.7,1607624.608
510050.SH,20230523,2.663,2.665,2.616,2.617,5679883.51,1497705.671
510050.SH,20230524,2.613,2.616,2.576,2.577,10255725.94,2661080.234
510050.SH,20230525,2.573,2.576,2.544,2.565,5672704.54,1453349.939
510050.SH,20230526,2.563,2.574,2.537,2.563,4895197.97,1251103.192
510050.SH,20230529,2.57,2.575,2.541,2.552,4874390.1,1244092.489
510050.SH,20230530,2.551,2.56,2.511,2.541,7733126.8,1961064.937
510050.SH,20230531,2.528,2.53,2.494,2.5,8220069.16,2060054.132
510050.SH,20230601,2.495,2.531,2.495,2.505,7441608.42,1871859.23
510050.SH,20230602,2.52,2.555,2.518,2.548,6348895.22,1611645.326
510050.SH,20230605,2.542,2.549,2.527,2.536,3673218.99,932481.47
510050.SH,20230606,2.535,2.569,2.521,2.523,6088877.95,1547803.212
510050.SH,20230607,2.533,2.545,2.511,2.522,4196962.13,1061363.001
510050.SH,20230608,2.518,2.558,2.511,2.547,6065364.52,1537183.797
510050.SH,20230609,2.55,2.561,2.545,2.555,6736897.78,1719696.984
510050.SH,20230612,2.554,2.568,2.536,2.555,6983174.77,1781936.831
510050.SH,20230613,2.551,2.567,2.541,2.564,3495467.45,893465.577
510050.SH,20230614,2.565,2.586,2.562,2.563,6419379.97,1652532.797
510050.SH,20230615,2.57,2.603,2.569,2.602,4757355.71,1229740.765
510050.SH,20230616,2.604,2.631,2.603,2.625,5528362.86,1447020.615
510050.SH,20230619,2.622,2.622,2.589,2.593,3904648.65,1015451.698
510050.SH,20230620,2.589,2.598,2.576,2.581,3313575.74,856964.368
510050.SH,20230621,2.575,2.584,2.552,2.554,5095435.8,1309329.693
510050.SH,20230626,2.54,2.541,2.519,2.526,8211922.34,2074965.471
510050.SH,20230627,2.526,2.548,2.517,2.541,6029772.08,1527392.528
510050.SH,20230628,2.535,2.551,2.527,2.55,7991543.14,2029496.264
510050.SH,20230629,2.546,2.552,2.529,2.535,3358438.5,851871.371
510050.SH,20230630,2.534,2.557,2.529,2.542,4238519.91,1078814.23
510050.SH,20230703,2.548,2.584,2.545,2.58,5354347.31,1376150.007
510050.SH,20230704,2.58,2.585,2.573,2.584,2348901.1,605857.801
510050.SH,20230705,2.58,2.586,2.564,2.569,2908180.5,747943.209
510050.SH,20230706,2.562,2.575,2.545,2.55,2755416.0,704464.042
510050.SH,20230707,2.544,2.549,2.532,2.539,3569697.08,907380.335
510050.SH,20230710,2.551,2.571,2.544,2.552,3498716.9,894634.214
510050.SH,20230711,2.563,2.573,2.555,2.569,3773714.8,967983.815
510050.SH,20230712,2.572,2.582,2.562,2.568,3521038.98,906042.0
510050.SH,20230713,2.582,2.609,2.58,2.609,5388171.71,1401149.207
510050.SH,20230714,2.614,2.618,2.604,2.609,3647545.9,952326.649
510050.SH,20230717,2.603,2.603,2.575,2.584,5906522.03,1525315.63
510050.SH,20230718,2.587,2.591,2.572,2.581,2838367.94,732573.969
510050.SH,20230719,2.575,2.591,2.574,2.59,3540793.01,914391.296
510050.SH,20230720,2.593,2.609,2.573,2.576,4706573.42,1220356.105
510050.SH,20230721,2.578,2.601,2.57,2.586,7338593.93,1896642.87
510050.SH,20230724,2.568,2.584,2.563,2.573,3874085.49,996493.758
510050.SH,20230725,2.609,2.655,2.609,2.655,15317271.12,4037185.385
510050.SH,20230726,2.65,2.656,2.642,2.652,4870458.21,1290286.883
510050.SH,20230727,2.656,2.671,2.642,2.653,7878832.27,2096215.664
510050.SH,20230728,2.637,2.736,2.637,2.727,11175665.51,3017759.648
510050.SH,20230731,2.746,2.783,2.723,2.731,9765851.56,2682260.909
510050.SH,20230801,2.727,2.75,2.716,2.723,7118586.65,1941419.104
510050.SH,20230802,2.718,2.731,2.69,2.698,8588071.85,2322574.93
510050.SH,20230803,2.696,2.725,2.69,2.723,8015843.92,2171835.205
510050.SH,20230804,2.748,2.764,2.723,2.725,9632959.66,2641123.332
510050.SH,20230807,2.711,2.717,2.701,2.714,9506790.46,2574777.677
510050.SH,20230808,2.705,2.726,2.69,2.709,8158147.58,2207884.579
510050.SH,20230809,2.7,2.718,2.698,2.709,9569187.0,2592590.685
510050.SH,20230810,2.704,2.712,2.686,2.706,6707250.15,1812057.033
510050.SH,20230811,2.706,2.708,2.64,2.642,13165392.86,3507923.505
510050.SH,20230814,2.615,2.628,2.601,2.622,7019116.4,1837370.077
510050.SH,20230815,2.62,2.632,2.597,2.623,7496053.98,1962151.23
510050.SH,20230816,2.608,2.626,2.603,2.604,6914164.03,1805684.038
510050.SH,20230817,2.594,2.618,2.583,2.61,8036681.66,2087042.289
510050.SH,20230818,2.61,2.621,2.579,2.58,10098946.21,2623677.44
510050.SH,20230821,2.577,2.584,2.547,2.547,7743154.43,1985151.542
510050.SH,20230822,2.555,2.579,2.536,2.567,9507972.0,2431593.268
510050.SH,20230823,2.559,2.569,2.529,2.535,9881186.34,2519512.005
510050.SH,20230824,2.539,2.572,2.538,2.553,6658206.05,1699966.454
510050.SH,20230825,2.545,2.58,2.542,2.563,7899690.3,2021090.765
510050.SH,20230828,2.706,2.71,2.583,2.596,18693566.1,4923733.757
510050.SH,20230829,2.59,2.626,2.587,2.606,10784132.3,2810876.625
510050.SH,20230830,2.61,2.617,2.595,2.599,6663610.36,1735331.968
510050.SH,20230831,2.6,2.609,2.582,2.59,5513696.47,1430002.814
510050.SH,20230901,2.601,2.624,2.6,2.61,8072718.51,2106628.526
510050.SH,20230904,2.633,2.662,2.624,2.658,9662526.0,2556384.713
510050.SH,20230905,2.649,2.65,2.636,2.641,4896197.81,1293288.08
510050.SH,20230906,2.631,2.642,2.623,2.637,4522421.91,1190218.237
510050.SH,20230907,2.631,2.633,2.606,2.611,4488509.82,1175420.984
510050.SH,20230908,2.603,2.609,2.589,2.596,5168457.8,1342113.803
510050.SH,20230911,2.596,2.629,2.594,2.613,4845495.13,1265626.827
510050.SH,20230912,2.61,2.615,2.604,2.609,3086228.16,805115.303
510050.SH,20230913,2.608,2.62,2.584,2.601,6615025.71,1720177.577
510050.SH,20230914,2.604,2.617,2.594,2.608,5656313.32,1473698.703
510050.SH,20230915,2.615,2.625,2.586,2.596,11259269.66,2932957.293
510050.SH,20230918,2.591,2.611,2.58,2.61,5115627.14,1330766.802
510050.SH,20230919,2.608,2.613,2.594,2.609,4086632.68,1064346.244
510050.SH,20230920,2.606,2.608,2.596,2.597,5407675.9,1406574.268
510050.SH,20230921,2.59,2.599,2.571,2.572,6361264.93,1641438.85
510050.SH,20230922,2.57,2.635,2.566,2.634,12486140.79,3260070.8
510050.SH,20230925,2.627,2.628,2.605,2.609,6306563.15,1647727.015
510050.SH,20230926,2.607,2.613,2.59,2.592,5389943.12,1400038.83
510050.SH,20230927,2.591,2.616,2.591,2.604,7877179.48,2048604.83
510050.SH,20230928,2.609,2.612,2.58,2.583,9018754.27,2336548.889
510050.SH,20231009,2.578,2.581,2.551,2.575,7094740.87,1822548.048
510050.SH,20231010,2.585,2.595,2.557,2.559,6393300.69,1646034.145
510050.SH,20231011,2.573,2.58,2.562,2.567,4995535.97,1284088.58
510050.SH,20231012,2.592,2.603,2.58,2.591,6471168.06,1675887.135
510050.SH,20231013,2.573,2.575,2.56,2.566,6273821.27,1610513.092
510050.SH,20231016,2.568,2.57,2.536,2.543,5455743.14,1390957.031
510050.SH,20231017,2.548,2.556,2.538,2.553,5123652.04,1305836.338
510050.SH,20231018,2.55,2.556,2.539,2.543,6448571.71,1641461.767
510050.SH,20231019,2.53,2.53,2.471,2.474,15488620.72,3862174.966
510050.SH,20231020,2.464,2.474,2.451,2.46,9673340.13,2383220.681
510050.SH,20231023,2.455,2.462,2.421,2.441,11724095.82,2861862.694
510050.SH,20231024,2.447,2.456,2.427,2.449,8044666.05,1966471.085
510050.SH,20231025,2.475,2.486,2.457,2.461,11670341.12,2881007.828
510050.SH,20231026,2.452,2.473,2.45,2.47,5877751.09,1446754.655
510050.SH,20231027,2.463,2.504,2.457,2.494,6742575.0,1672977.375
510050.SH,20231030,2.485,2.499,2.48,2.492,5615285.8,1397838.429
510050.SH,20231031,2.487,2.492,2.476,2.488,6983906.61,1734504.656
510050.SH,20231101,2.528,2.53,2.491,2.497,10050692.41,2515490.923
510050.SH,20231102,2.503,2.517,2.492,2.493,4396057.66,1100881.287
510050.SH,20231103,2.497,2.52,2.495,2.513,4454146.71,1117568.062
510050.SH,20231106,2.528,2.538,2.521,2.533,5701928.7,1442477.64
510050.SH,20231107,2.528,2.529,2.514,2.522,5112930.12,1289007.419
510050.SH,20231108,2.515,2.527,2.501,2.514,4980410.25,1252143.62
510050.SH,20231109,2.507,2.522,2.505,2.514,5394367.75,1355518.432
510050.SH,20231110,2.505,2.507,2.485,2.49,5938621.0,1479753.993
510050.SH,20231113,2.494,2.497,2.471,2.484,4960144.5,1230909.58
510050.SH,20231114,2.488,2.496,2.472,2.482,5508289.33,1367791.629
510050.SH,20231115,2.5,2.509,2.494,2.503,7149495.18,1788279.955
510050.SH,20231116,2.501,2.501,2.476,2.478,7976904.71,1981040.526
510050.SH,20231117,2.473,2.478,2.453,2.474,28054255.15,6923473.035
510050.SH,20231120,2.472,2.489,2.458,2.48,7063421.05,1749220.517
510050.SH,20231121,2.487,2.509,2.485,2.492,8004786.83,1998848.048
510050.SH,20231122,2.485,2.49,2.47,2.471,6009051.96,1489593.402
510050.SH,20231123,2.47,2.484,2.46,2.48,5408028.72,1335877.055
510050.SH,20231124,2.475,2.478,2.463,2.467,6429471.07,1588186.082
510050.SH,20231127,2.426,2.427,2.391,2.407,6475223.5,1555543.986
510050.SH,20231128,2.403,2.409,2.395,2.406,5105588.64,1226821.308
510050.SH,20231129,2.407,2.411,2.384,2.395,14102669.45,3375092.287
510050.SH,20231130,2.393,2.406,2.39,2.401,5498242.93,1318575.392
510050.SH,20231201,2.4,2.4,2.366,2.385,16372299.77,3903011.78
510050.SH,20231204,2.388,2.388,2.366,2.367,6021257.59,1430200.569
510050.SH,20231205,2.362,2.363,2.317,2.319,9668267.21,2262667.406
510050.SH,20231206,2.315,2.332,2.306,2.317,7242914.73,1679044.884
510050.SH,20231207,2.313,2.317,2.292,2.307,8458435.86,1948908.721
510050.SH,20231208,2.308,2.323,2.303,2.314,5784335.81,1338105.415
510050.SH,20231211,2.3,2.334,2.277,2.324,13889476.65,3206687.526
510050.SH,20231212,2.318,2.34,2.314,2.337,12710682.58,2963779.376
510050.SH,20231213,2.33,2.331,2.29,2.291,9165594.26,2113160.238
510050.SH,20231214,2.304,2.312,2.278,2.28,7997254.72,1833907.775
510050.SH,20231215,2.291,2.315,2.274,2.281,11945294.41,2736672.74
510050.SH,20231218,2.27,2.292,2.258,2.283,7464831.24,1702216.585
510050.SH,20231219,2.28,2.297,2.27,2.286,7834450.41,1788840.281
510050.SH,20231220,2.291,2.295,2.271,2.273,7118853.13,1626615.463
510050.SH,20231221,2.263,2.305,2.263,2.299,14034940.03,3216135.684
510050.SH,20231222,2.297,2.321,2.287,2.307,17711172.99,4082702.833
510050.SH,20231225,2.306,2.314,2.3,2.308,8254432.94,1904272.372
510050.SH,20231226,2.308,2.309,2.291,2.299,10013609.75,2300801.401
510050.SH,20231227,2.299,2.308,2.285,2.302,11402149.57,2619377.617
510050.SH,20231228,2.3,2.36,2.298,2.354,13067198.24,3053581.232
510050.SH,20231229,2.35,2.365,2.345,2.355,9174642.3,2160909.818
510050.SH,20240102,2.356,2.356,2.326,2.327,7873101.41,1838299.287
510050.SH,20240103,2.324,2.336,2.32,2.332,6276761.45,1461195.301
510050.SH,20240104,2.331,2.332,2.295,2.314,9061636.41,2093817.07
510050.SH,20240105,2.308,2.332,2.29,2.303,10194158.82,2356530.474
510050.SH,20240108,2.3,2.309,2.274,2.278,8887650.05,2030449.583
510050.SH,20240109,2.281,2.286,2.269,2.28,8539229.69,1945903.904
510050.SH,20240110,2.275,2.293,2.266,2.27,8002375.37,1821165.952
510050.SH,20240111,2.269,2.287,2.261,2.275,7518733.54,1709975.191
510050.SH,20240112,2.268,2.287,2.264,2.272,5938060.06,1351633.457
510050.SH,20240115,2.263,2.293,2.26,2.272,5665875.22,1288485.025
510050.SH,20240116,2.268,2.285,2.257,2.284,11365268.2,2581364.386
510050.SH,20240117,2.275,2.277,2.232,2.234,12722518.76,2867308.876
510050.SH,20240118,2.225,2.278,2.196,2.274,48256571.88,10801614.249
510050.SH,20240119,2.259,2.287,2.25,2.282,37844812.59,8604240.707
510050.SH,20240122,2.274,2.292,2.238,2.261,28731501.76,6539373.939
510050.SH,20240123,2.255,2.274,2.236,2.258,14307000.06,3226612.717
510050.SH,20240124,2.269,2.3,2.244,2.295,16299792.56,3704587.204
510050.SH,20240125,2.296,2.352,2.291,2.347,15457902.66,3594294.797
510050.SH,20240126,2.34,2.359,2.332,2.35,24310874.44,5710766.401
510050.SH,20240129,2.35,2.363,2.339,2.342,11633523.06,2734417.31
510050.SH,20240130,2.33,2.338,2.304,2.306,12781778.69,2966181.024
510050.SH,20240131,2.298,2.309,2.276,2.292,19494492.32,4477275.386
510050.SH,20240201,2.281,2.305,2.273,2.283,20151254.32,4613678.834
510050.SH,20240202,2.284,2.299,2.213,2.268,21091626.82,4791054.424
510050.SH,20240205,2.253,2.303,2.234,2.289,16359862.71,3717343.796
510050.SH,20240206,2.281,2.359,2.279,2.351,23857265.11,5559702.141
510050.SH,20240207,2.355,2.381,2.338,2.38,29994877.01,7075158.357
510050.SH,20240208,2.389,2.395,2.366,2.385,32903828.63,7825611.542
510050.SH,20240219,2.398,2.404,2.382,2.403,17493530.89,4186607.629
510050.SH,20240220,2.399,2.406,2.387,2.402,9881648.74,2369139.817
510050.SH,20240221,2.395,2.475,2.391,2.444,19576886.18,4775414.859
510050.SH,20240222,2.44,2.469,2.438,2.466,8735502.15,2145403.464
510050.SH,20240223,2.466,2.483,2.459,2.467,10611448.07,2619541.868
510050.SH,20240226,2.464,2.465,2.421,2.426,19025107.75,4640194.462
510050.SH,20240227,2.418,2.439,2.416,2.438,12488100.42,3029288.516
510050.SH,20240228,2.438,2.454,2.422,2.424,17928479.93,4368541.732
510050.SH,20240229,2.417,2.448,2.417,2.444,12861035.54,3131930.462
510050.SH,20240301,2.44,2.456,2.431,2.448,11914238.72,2912366.449
510050.SH,20240304,2.444,2.458,2.438,2.451,12735645.56,3118727.719
510050.SH,20240305,2.442,2.487,2.439,2.481,24326536.29,6003144.952
510050.SH,20240306,2.478,2.485,2.467,2.468,15001291.04,3712948.524
510050.SH,20240307,2.466,2.481,2.451,2.46,9681970.64,2386691.729
510050.SH,20240308,2.46,2.469,2.443,2.46,8131795.91,1997938.711
510050.SH,20240311,2.46,2.48,2.451,2.479,10377410.34,2558986.707
510050.SH,20240312,2.479,2.494,2.472,2.485,16067259.38,3990464.004
510050.SH,20240313,2.481,2.482,2.453,2.465,10131919.73,2495595.26
510050.SH,20240314,2.464,2.481,2.449,2.459,8526480.8,2101941.459
510050.SH,20240315,2.451,2.466,2.442,2.461,10234260.23,2509045.972
510050.SH,20240318,2.459,2.475,2.454,2.471,8959253.79,2207872.991
510050.SH,20240319,2.466,2.476,2.449,2.454,9932093.0,2442316.117
510050.SH,20240320,2.447,2.467,2.442,2.46,8084708.21,1986075.707
510050.SH,20240321,2.465,2.477,2.459,2.46,6084784.66,1501322.389
510050.SH,20240322,2.455,2.457,2.42,2.438,14666309.17,3569943.425
510050.SH,20240325,2.433,2.453,2.428,2.437,7060301.36,1723222.112
510050.SH,20240326,2.439,2.45,2.433,2.446,7279260.49,1777001.087
510050.SH,20240327,2.441,2.456,2.432,2.433,8445247.57,2062872.25
510050.SH,20240328,2.431,2.459,2.42,2.438,11681461.85,2848278.618
510050.SH,20240329,2.435,2.453,2.434,2.449,6343347.02,1550757.553
510050.SH,20240401,2.455,2.485,2.455,2.475,9645423.21,2387593.224
510050.SH,20240402,2.476,2.481,2.463,2.471,6630532.45,1638175.015
510050.SH,20240403,2.472,2.474,2.457,2.463,5966107.01,1470757.959
510050.SH,20240408,2.456,2.465,2.44,2.45,9452897.59,2318565.441
510050.SH,20240409,2.449,2.453,2.433,2.437,6621908.12,1615618.068
510050.SH,20240410,2.439,2.445,2.421,2.431,8470105.91,2061198.197
510050.SH,20240411,2.423,2.437,2.412,2.429,6501971.54,1577499.388
510050.SH,20240412,2.428,2.434,2.401,2.408,7555349.34,1825001.902
510050.SH,20240415,2.406,2.46,2.405,2.458,14488229.76,3542177.674
510050.SH,20240416,2.453,2.464,2.43,2.448,10738000.94,2631564.003
510050.SH,20240417,2.444,2.475,2.431,2.473,10021600.07,2458853.411
510050.SH,20240418,2.466,2.504,2.464,2.48,11747951.46,2919442.062
510050.SH,20240419,2.47,2.48,2.457,2.464,8419503.47,2077412.676
510050.SH,20240422,2.465,2.486,2.456,2.46,8092445.01,1999412.924
510050.SH,20240423,2.457,2.462,2.445,2.447,5461993.01,1338976.271
510050.SH,20240424,2.454,2.462,2.44,2.457,6679205.61,1637772.28
510050.SH,20240425,2.453,2.472,2.445,2.466,5467004.05,1344262.738
510050.SH,20240426,2.468,2.504,2.468,2.496,10252533.25,2552948.611
510050.SH,20240429,2.494,2.53,2.489,2.511,12745863.78,3201015.604
510050.SH,20240430,2.508,2.519,2.498,2.5,6102266.0,1530682.323
510050.SH,20240506,2.528,2.541,2.52,2.53,10292529.3,2603957.589
510050.SH,20240507,2.529,2.538,2.524,2.535,5575826.53,1412239.015
510050.SH,20240508,2.531,2.532,2.518,2.52,5025894.3,1268695.299
510050.SH,20240509,2.519,2.541,2.519,2.536,4806422.63,1217520.491
510050.SH,20240510,2.542,2.55,2.525,2.543,9575303.38,2429604.704
510050.SH,20240513,2.535,2.547,2.52,2.54,8365878.06,2120015.264
510050.SH,20240514,2.539,2.544,2.525,2.531,5615915.79,1421424.551
510050.SH,20240515,2.529,2.535,2.508,2.513,6855136.69,1725564.825
510050.SH,20240516,2.517,2.532,2.509,2.523,7740597.85,1952385.454
510050.SH,20240517,2.523,2.563,2.521,2.561,9433886.39,2393025.52
510050.SH,20240520,2.562,2.58,2.557,2.567,6527969.01,1677191.415
510050.SH,20240521,2.562,2.566,2.551,2.562,4955627.01,1268200.231
510050.SH,20240522,2.558,2.569,2.554,2.563,5769510.57,1478840.139
510050.SH,20240523,2.555,2.557,2.53,2.537,10148165.89,2577202.045
510050.SH,20240524,2.529,2.539,2.506,2.508,9265577.8,2338037.357
510050.SH,20240527,2.512,2.533,2.512,2.531,8532848.29,2153491.606
510050.SH,20240528,2.531,2.539,2.52,2.524,4946235.0,1251433.919
510050.SH,20240529,2.522,2.545,2.521,2.525,5478518.24,1387191.251
510050.SH,20240530,2.522,2.535,2.502,2.508,6922246.9,1740791.885
510050.SH,20240531,2.512,2.522,2.497,2.499,5260071.22,1319365.549
510050.SH,20240603,2.496,2.509,2.488,2.502,6104774.61,1525472.189
510050.SH,20240604,2.5,2.523,2.497,2.516,6874873.0,1726177.373
510050.SH,20240605,2.515,2.519,2.504,2.505,6055816.09,1520838.398
510050.SH,20240606,2.51,2.528,2.498,2.506,7178145.0,1803766.881
510050.SH,20240607,2.512,2.516,2.483,2.495,7205760.02,1799425.178
510050.SH,20240611,2.488,2.49,2.456,2.465,9922437.0,2449930.587
510050.SH,20240612,2.461,2.467,2.453,2.462,6958129.61,1711513.594
510050.SH,20240613,2.466,2.466,2.445,2.452,7129564.19,1749727.333
510050.SH,20240614,2.448,2.474,2.441,2.469,8970681.61,2204621.247
510050.SH,20240617,2.453,2.461,2.45,2.454,9911370.42,2433455.971
510050.SH,20240618,2.453,2.465,2.448,2.454,6218496.0,1526849.003
510050.SH,20240619,2.455,2.462,2.448,2.458,5918250.62,1453691.654
510050.SH,20240620,2.455,2.466,2.448,2.451,7609007.13,1868123.726
510050.SH,20240621,2.449,2.455,2.428,2.446,16365973.0,3995896.59
510050.SH,20240624,2.43,2.462,2.427,2.446,12784609.61,3122801.047
510050.SH,20240625,2.446,2.452,2.424,2.437,10331747.01,2520755.096
510050.SH,20240626,2.432,2.448,2.426,2.441,8626789.61,2101358.607
510050.SH,20240627,2.436,2.439,2.421,2.434,9311183.46,2263826.818
510050.SH,20240628,2.428,2.453,2.426,2.441,7429559.22,1814786.783
510050.SH,20240701,2.44,2.455,2.432,2.45,6621931.91,1617680.106
510050.SH,20240702,2.447,2.468,2.446,2.462,9290693.7,2286800.998
510050.SH,20240703,2.463,2.466,2.453,2.462,3773520.06,928360.508
510050.SH,20240704,2.464,2.475,2.453,2.454,6321291.7,1556480.556
510050.SH,20240705,2.454,2.459,2.413,2.434,11938358.71,2901136.104
510050.SH,20240708,2.426,2.437,2.416,2.422,6944250.11,1684210.852
510050.SH,20240709,2.421,2.453,2.405,2.444,10059164.67,2448496.42
510050.SH,20240710,2.44,2.451,2.438,2.44,5067294.01,1238683.767
510050.SH,20240711,2.453,2.469,2.445,2.466,6476890.1,1592910.989
510050.SH,20240712,2.468,2.484,2.467,2.481,10995092.23,2725852.7
510050.SH,20240715,2.478,2.494,2.475,2.491,11447503.98,2849936.851
510050.SH,20240716,2.489,2.504,2.481,2.5,12088254.19,3012994.756
510050.SH,20240717,2.498,2.517,2.496,2.51,11333481.43,2841428.538
510050.SH,20240718,2.505,2.526,2.499,2.522,13175565.8,3310701.45
510050.SH,20240719,2.515,2.548,2.501,2.539,29955499.9,7583547.723
510050.SH,20240722,2.537,2.538,2.499,2.515,10696967.54,2688982.308
510050.SH,20240723,2.509,2.516,2.479,2.483,7002163.28,1747985.093
510050.SH,20240724,2.476,2.489,2.463,2.474,9856988.06,2439409.112
510050.SH,20240725,2.465,2.471,2.438,2.45,13277874.31,3255110.632
510050.SH,20240726,2.451,2.455,2.429,2.444,13986516.26,3412317.353
510050.SH,20240729,2.441,2.446,2.431,2.435,5652227.17,1378369.379
510050.SH,20240730,2.43,2.432,2.408,2.422,15775588.41,3817954.955
510050.SH,20240731,2.421,2.467,2.42,2.463,10156080.36,2485013.315
510050.SH,20240801,2.46,2.465,2.445,2.448,6009496.0,1474349.712
510050.SH,20240802,2.437,2.447,2.425,2.433,9324298.46,2269291.723
510050.SH,20240805,2.425,2.451,2.413,2.417,22994509.02,5580889.063
510050.SH,20240806,2.427,2.435,2.38,2.401,13266939.0,3184782.813
510050.SH,20240807,2.396,2.415,2.393,2.399,7888450.64,1897094.333
510050.SH,20240808,2.398,2.421,2.391,2.406,5420832.13,1304227.402
510050.SH,20240809,2.417,2.425,2.402,2.403,7108425.0,1714657.556
510050.SH,20240812,2.403,2.411,2.398,2.404,3785181.01,909934.152
510050.SH,20240813,2.403,2.407,2.39,2.403,4829871.18,1158542.404
510050.SH,20240814,2.404,2.404,2.389,2.39,5535232.57,1325266.891
510050.SH,20240815,2.386,2.432,2.382,2.422,11877681.01,2871335.967
510050.SH,20240816,2.421,2.438,2.417,2.434,12210098.3,2969005.525
510050.SH,20240819,2.434,2.458,2.434,2.445,4569783.44,1118738.686
510050.SH,20240820,2.449,2.449,2.426,2.438,10826380.05,2635439.16
510050.SH,20240821,2.432,2.436,2.412,2.426,8675947.0,2106447.259
510050.SH,20240822,2.428,2.434,2.419,2.43,9491853.42,2305467.167
510050.SH,20240823,2.43,2.449,2.428,2.445,5248148.83,1280201.017
510050.SH,20240826,2.447,2.453,2.431,2.442,4942720.36,1204738.842
510050.SH,20240827,2.441,2.449,2.434,2.444,7653493.42,1870196.685
510050.SH,20240828,2.44,2.443,2.417,2.427,10675309.26,2590692.432
510050.SH,20240829,2.421,2.425,2.405,2.407,4836324.42,1166474.497
510050.SH,20240830,2.402,2.447,2.401,2.429,10847341.78,2632743.966
510050.SH,20240902,2.416,2.419,2.387,2.39,7392892.51,1774478.044
510050.SH,20240903,2.389,2.392,2.375,2.379,9377083.0,2232479.897
510050.SH,20240904,2.368,2.379,2.355,2.359,7137825.0,1687877.679
510050.SH,20240905,2.36,2.371,2.355,2.362,6894338.01,1627092.18
510050.SH,20240906,2.364,2.379,2.349,2.351,8562679.43,2024786.34
510050.SH,20240909,2.343,2.346,2.312,2.32,10023801.0,2332017.439
510050.SH,20240910,2.319,2.328,2.308,2.321,8205769.57,1902284.704
510050.SH,20240911,2.316,2.318,2.3,2.307,9266640.08,2137845.441
510050.SH,20240912,2.308,2.316,2.295,2.297,6991983.06,1610700.92
510050.SH,20240913,2.297,2.312,2.291,2.292,7015424.99,1614763.21
510050.SH,20240918,2.292,2.314,2.29,2.305,9862960.04,2271001.146
510050.SH,20240919,2.308,2.33,2.285,2.319,10390873.81,2401231.797
510050.SH,20240920,2.315,2.33,2.299,2.323,18929666.71,4382428.683
510050.SH,20240923,2.321,2.343,2.319,2.33,6102423.99,1423995.8
510050.SH,20240924,2.356,2.45,2.345,2.45,19945356.25,4767019.076
510050.SH,20240925,2.485,2.524,2.474,2.48,16106077.17,4025351.59
510050.SH,20240926,2.477,2.62,2.477,2.618,23766596.69,6062194.855
510050.SH,20240927,2.661,2.818,2.608,2.724,15153690.74,4046810.263
510050.SH,20240930,2.801,2.944,2.722,2.909,35718684.55,10146589.827
510050.SH,20241008,3.2,3.2,2.909,2.978,37580843.09,11415209.76
510050.SH,20241009,2.911,2.94,2.758,2.763,22327071.04,6363795.056
510050.SH,20241010,2.786,2.92,2.779,2.852,22507431.29,6425501.18
510050.SH,20241011,2.841,2.848,2.755,2.794,19952232.06,5592958.724
510050.SH,20241014,2.805,2.845,2.778,2.827,18874594.48,5315177.775
510050.SH,20241015,2.814,2.833,2.756,2.758,15630305.38,4369529.347
510050.SH,20241016,2.739,2.783,2.733,2.754,11896818.82,3276690.493
510050.SH,20241017,2.77,2.784,2.711,2.712,15459338.45,4235451.493
510050.SH,20241018,2.715,2.862,2.69,2.795,20674267.08,5715393.298
510050.SH,20241021,2.797,2.811,2.767,2.79,13690327.9,3819999.477
510050.SH,20241022,2.789,2.817,2.782,2.801,12676922.89,3546348.418
510050.SH,20241023,2.801,2.84,2.791,2.817,14522923.88,4089184.202
510050.SH,20241024,2.804,2.809,2.777,2.789,10727305.96,2994282.318
510050.SH,20241025,2.789,2.816,2.778,2.793,9443247.41,2639334.799
510050.SH,20241028,2.792,2.796,2.764,2.795,8204625.17,2282518.658
510050.SH,20241029,2.798,2.824,2.772,2.779,11055290.01,3088699.839
510050.SH,20241030,2.769,2.784,2.731,2.743,10150427.14,2794248.194
510050.SH,20241031,2.743,2.763,2.721,2.741,10689799.36,2930423.765
510050.SH,20241101,2.735,2.783,2.735,2.762,13807558.68,3817604.038
510050.SH,20241104,2.765,2.787,2.741,2.785,7106926.44,1964549.168
510050.SH,20241105,2.778,2.842,2.768,2.841,15474294.77,4356399.376
510050.SH,20241106,2.84,2.857,2.8,2.818,13287260.61,3757745.277
510050.SH,20241107,2.797,2.928,2.796,2.925,19703699.1,5637320.95
510050.SH,20241108,2.936,2.95,2.868,2.882,18561411.37,5381264.573
510050.SH,20241111,2.856,2.868,2.821,2.864,12060510.01,3433982.664
510050.SH,20241112,2.858,2.894,2.809,2.822,13409688.01,3820161.665
510050.SH,20241113,2.809,2.849,2.807,2.838,11543369.0,3271408.028
510050.SH,20241114,2.829,2.856,2.808,2.814,12772061.61,3618983.319
510050.SH,20241115,2.808,2.821,2.777,2.778,13944189.1,3912222.816
510050.SH,20241118,2.789,2.835,2.776,2.79,11996198.16,3365626.873
510050.SH,20241119,2.786,2.793,2.743,2.778,9194689.16,2548604.159
510050.SH,20241120,2.772,2.794,2.764,2.784,8549799.45,2376422.995
510050.SH,20241121,2.78,2.795,2.772,2.791,7389827.04,2057145.584
510050.SH,20241122,2.787,2.792,2.704,2.71,13130656.0,3602971.341
510050.SH,20241125,2.712,2.727,2.672,2.687,13224316.0,3568798.498
510050.SH,20241126,2.677,2.714,2.676,2.697,8399710.5,2265478.1
510050.SH,20241127,2.697,2.731,2.687,2.729,11047126.19,2996742.823
510050.SH,20241128,2.731,2.736,2.701,2.716,9132828.0,2482544.613
510050.SH,20241129,2.717,2.767,2.716,2.732,11626311.73,3182140.226
510050.SH,20241202,2.678,2.697,2.663,2.688,7992802.65,2144378.892
510050.SH,20241203,2.688,2.71,2.675,2.702,8012046.34,2156432.834
510050.SH,20241204,2.699,2.712,2.687,2.699,9249462.02,2495054.356
510050.SH,20241205,2.69,2.7,2.679,2.687,4138205.2,1112357.92
510050.SH,20241206,2.688,2.736,2.681,2.716,9679321.49,2628474.881
510050.SH,20241209,2.713,2.74,2.707,2.719,6695834.7,1821136.37
510050.SH,20241210,2.799,2.81,2.735,2.744,12984447.88,3596212.305
510050.SH,20241211,2.737,2.747,2.722,2.726,6737849.4,1842999.625
510050.SH,20241212,2.728,2.758,2.72,2.757,8735536.39,2397809.797
510050.SH,20241213,2.741,2.742,2.682,2.69,17176953.28,4640972.496
510050.SH,20241216,2.69,2.694,2.68,2.686,8353765.07,2244566.951
510050.SH,20241217,2.682,2.722,2.682,2.7,10871029.3,2938050.879
510050.SH,20241218,2.709,2.728,2.709,2.719,8432092.74,2292001.076
510050.SH,20241219,2.7,2.719,2.687,2.709,5620155.17,1521754.656
510050.SH,20241220,2.705,2.722,2.695,2.701,9487538.66,2567483.609
510050.SH,20241223,2.701,2.741,2.701,2.724,14460433.77,3944060.298
510050.SH,20241224,2.728,2.759,2.717,2.753,8582618.91,2354797.871
510050.SH,20241225,2.76,2.778,2.753,2.764,10273263.36,2840047.675
510050.SH,20241226,2.763,2.765,2.748,2.757,6313202.36,1739122.645
510050.SH,20241227,2.754,2.769,2.74,2.754,6117458.94,1684614.128
510050.SH,20241230,2.754,2.778,2.754,2.773,7772449.19,2152251.817
510050.SH,20241231,2.772,2.779,2.736,2.738,15603911.19,4302212.444
510050.SH,20250102,2.733,2.738,2.645,2.667,12402833.27,3336364.664
510050.SH,20250103,2.663,2.672,2.629,2.641,9348973.49,2480596.828
510050.SH,20250106,2.641,2.646,2.607,2.63,10737269.62,2818947.759
510050.SH,20250107,2.629,2.648,2.62,2.645,6570023.05,1731993.888
510050.SH,20250108,2.642,2.667,2.619,2.651,12182753.06,3218938.292
510050.SH,20250109,2.649,2.651,2.627,2.638,7736788.84,2041823.177
510050.SH,20250110,2.636,2.651,2.613,2.615,9300706.8,2445972.393
510050.SH,20250113,2.603,2.616,2.586,2.607,7230673.95,1881410.409
510050.SH,20250114,2.611,2.662,2.604,2.652,11877053.04,3133213.372
510050.SH,20250115,2.646,2.66,2.64,2.646,6509676.23,1724376.61
510050.SH,20250116,2.652,2.671,2.625,2.637,8949629.89,2368453.814
510050.SH,20250117,2.63,2.651,2.616,2.637,6186775.85,1632157.202
510050.SH,20250120,2.65,2.665,2.637,2.643,6491373.94,1721842.485
510050.SH,20250121,2.652,2.654,2.632,2.64,4747302.45,1254500.373
510050.SH,20250122,2.639,2.64,2.597,2.607,11475867.36,2993509.343
510050.SH,20250123,2.623,2.664,2.618,2.623,13289416.37,3502865.346
510050.SH,20250124,2.622,2.654,2.618,2.638,9747168.77,2572864.277
510050.SH,20250127,2.642,2.655,2.638,2.643,11620837.29,3074369.8
510050.SH,20250205,2.655,2.658,2.613,2.619,11290191.12,2962741.079
510050.SH,20250206,2.619,2.645,2.612,2.638,8921698.39,2347513.436
510050.SH,20250207,2.636,2.685,2.627,2.668,13450502.13,3575362.486
510050.SH,20250210,2.668,2.687,2.664,2.678,6044639.23,1617467.906
510050.SH,20250211,2.683,2.684,2.664,2.671,7720638.15,2062683.345
510050.SH,20250212,2.67,2.704,2.665,2.698,7175886.63,1924971.127
510050.SH,20250213,2.696,2.724,2.692,2.702,9275063.61,2509812.167
510050.SH,20250214,2.698,2.723,2.693,2.719,9345724.47,2531742.248
510050.SH,20250217,2.725,2.732,2.704,2.723,10702113.11,2906761.376
510050.SH,20250218,2.72,2.738,2.702,2.713,10415170.81,2835266.625
510050.SH,20250219,2.707,2.734,2.7,2.722,6717840.58,1827226.884
510050.SH,20250220,2.719,2.719,2.699,2.708,5718533.14,1548508.733
510050.SH,20250221,2.716,2.748,2.707,2.744,9607078.39,2626155.764
510050.SH,20250224,2.74,2.75,2.718,2.731,10676691.44,2919079.511
510050.SH,20250225,2.718,2.722,2.694,2.703,7562658.52,2048354.417
510050.SH,20250226,2.707,2.728,2.703,2.726,6829190.74,1854394.616
510050.SH,20250227,2.725,2.742,2.714,2.74,7267978.55,1983692.78
510050.SH,20250228,2.732,2.75,2.699,2.705,9990512.64,2722485.399
510050.SH,20250303,2.704,2.715,2.677,2.686,7660951.21,2067717.435
510050.SH,20250304,2.675,2.686,2.665,2.678,5336224.65,1428469.856
510050.SH,20250305,2.679,2.702,2.675,2.697,7279974.32,1958669.647
510050.SH,20250306,2.709,2.75,2.708,2.74,11925746.41,3261219.816
510050.SH,20250307,2.738,2.754,2.733,2.739,7012406.1,1921692.029
510050.SH,20250310,2.739,2.741,2.709,2.727,12763713.43,3473076.251
510050.SH,20250311,2.71,2.74,2.705,2.739,6161942.98,1676905.021
510050.SH,20250312,2.739,2.746,2.724,2.73,5463028.32,1492721.82
510050.SH,20250313,2.729,2.742,2.712,2.723,5724651.55,1562037.965
510050.SH,20250314,2.728,2.809,2.728,2.803,15514683.13,4318119.34
510050.SH,20250317,2.812,2.818,2.793,2.798,6493562.98,1820785.324
510050.SH,20250318,2.807,2.813,2.797,2.8,4533659.59,1271261.85
510050.SH,20250319,2.797,2.819,2.794,2.809,6219571.27,1744324.26
510050.SH,20250320,2.81,2.811,2.772,2.779,7753115.89,2157416.106
510050.SH,20250321,2.772,2.782,2.726,2.734,10133600.03,2787569.782
510050.SH,20250324,2.733,2.755,2.732,2.752,6366811.4,1747704.081
510050.SH,20250325,2.755,2.758,2.745,2.752,5959960.25,1639618.034
510050.SH,20250326,2.751,2.757,2.733,2.736,7912873.39,2171300.454
510050.SH,20250327,2.735,2.765,2.732,2.75,6780263.06,1863821.605
510050.SH,20250328,2.749,2.753,2.73,2.738,5455545.55,1494605.469
510050.SH,20250331,2.733,2.752,2.716,2.725,8421434.8,2298250.485
510050.SH,20250401,2.726,2.735,2.718,2.721,4572422.81,1246064.948
510050.SH,20250402,2.718,2.729,2.711,2.716,3759598.13,1022632.655
510050.SH,20250403,2.696,2.731,2.693,2.72,6896073.19,1874086.278
510050.SH,20250407,2.62,2.66,2.49,2.571,37040800.52,9546614.904
510050.SH,20250408,2.571,2.629,2.564,2.628,35563153.17,9231398.383
510050.SH,20250409,2.61,2.653,2.594,2.648,15037226.13,3950325.657
510050.SH,20250410,2.675,2.679,2.648,2.672,8769246.22,2336224.166
510050.SH,20250411,2.661,2.68,2.652,2.677,11058711.29,2951415.498
510050.SH,20250414,2.679,2.693,2.669,2.685,4601982.04,1235248.373
510050.SH,20250415,2.681,2.696,2.671,2.691,10207057.03,2741779.164
510050.SH,20250416,2.69,2.721,2.673,2.715,23126580.38,6254287.293
510050.SH,20250417,2.702,2.746,2.699,2.718,11663309.05,3165668.335
510050.SH,20250418,2.71,2.727,2.705,2.72,13018067.02,3539182.659
510050.SH,20250421,2.715,2.732,2.711,2.711,6303513.48,1714100.311
510050.SH,20250422,2.71,2.727,2.709,2.716,6106662.15,1660128.171
510050.SH,20250423,2.723,2.726,2.704,2.708,4951599.8,1342415.055
510050.SH,20250424,2.708,2.726,2.707,2.715,5941611.05,1613866.464
510050.SH,20250425,2.717,2.724,2.702,2.71,6653659.46,1805125.877
510050.SH,20250428,2.705,2.718,2.694,2.711,5199592.72,1408460.197
510050.SH,20250429,2.71,2.715,2.7,2.706,3846836.81,1040951.117
510050.SH,20250430,2.706,2.713,2.692,2.693,5568277.7,1503201.223
510050.SH,20250506,2.709,2.71,2.694,2.707,5058295.35,1367480.491
510050.SH,20250507,2.739,2.745,2.715,2.731,12209316.62,3326943.534
510050.SH,20250508,2.724,2.757,2.721,2.742,7976005.57,2186952.398
510050.SH,20250509,2.738,2.75,2.737,2.744,5120432.46,1405198.746
510050.SH,20250512,2.75,2.774,2.744,2.763,7264181.44,2005089.06
510050.SH,20250513,2.774,2.774,2.762,2.769,5758009.24,1593292.617
510050.SH,20250514,2.771,2.832,2.769,2.817,12546489.13,3513556.759
510050.SH,20250515,2.813,2.821,2.798,2.803,8112795.32,2277983.259
510050.SH,20250516,2.798,2.804,2.767,2.778,6900619.2,1916601.343
510050.SH,20250519,2.77,2.778,2.762,2.769,4655272.14,1288467.234
510050.SH,20250520,2.77,2.793,2.769,2.78,3666608.06,1019948.818
510050.SH,20250521,2.78,2.804,2.78,2.793,4281720.19,1196598.225
510050.SH,20250522,2.788,2.802,2.781,2.796,2470537.66,689977.958
510050.SH,20250523,2.794,2.807,2.773,2.775,5058542.95,1410503.675
510050.SH,20250526,2.77,2.785,2.756,2.764,4736761.85,1311057.81
510050.SH,20250527,2.763,2.771,2.747,2.75,4171257.46,1149675.545
510050.SH,20250528,2.75,2.754,2.743,2.747,3341957.0,918550.162
510050.SH,20250529,2.748,2.769,2.741,2.754,8820874.71,2432427.132
510050.SH,20250530,2.753,2.758,2.73,2.749,8849951.16,2427758.102
510050.SH,20250603,2.74,2.761,2.734,2.748,5012602.54,1377558.489
510050.SH,20250604,2.751,2.764,2.748,2.755,3180233.06,876760.447
510050.SH,20250605,2.76,2.761,2.745,2.754,4164795.0,1146637.796
510050.SH,20250606,2.758,2.768,2.751,2.756,5067366.59,1397081.746
510050.SH,20250609,2.758,2.767,2.747,2.756,7097881.98,1957559.023
510050.SH,20250610,2.758,2.767,2.735,2.742,9179435.37,2523180.749
510050.SH,20250611,2.742,2.776,2.741,2.762,5850727.91,1616633.629
510050.SH,20250612,2.758,2.766,2.741,2.76,3926502.73,1081965.6
510050.SH,20250613,2.755,2.76,2.736,2.746,6512013.33,1788406.622
510050.SH,20250616,2.737,2.757,2.735,2.753,5788283.72,1590303.432
510050.SH,20250617,2.752,2.756,2.74,2.753,5712680.34,1570751.594
510050.SH,20250618,2.752,2.76,2.739,2.75,4276770.32,1175526.798
510050.SH,20250619,2.746,2.748,2.727,2.733,8062186.99,2206082.968
510050.SH,20250620,2.735,2.755,2.734,2.749,7882260.11,2165196.619
510050.SH,20250623,2.743,2.771,2.733,2.762,7550156.13,2076108.843
510050.SH,20250624,2.762,2.81,2.761,2.792,9588477.0,2675962.191
510050.SH,20250625,2.794,2.834,2.788,2.832,9741269.91,2736403.316
510050.SH,20250626,2.83,2.834,2.822,2.826,5915427.18,1672621.169
510050.SH,20250627,2.829,2.839,2.792,2.795,7351361.18,2068149.774
510050.SH,20250630,2.795,2.809,2.787,2.807,7893734.49,2210764.804
510050.SH,20250701,2.806,2.815,2.8,2.81,4388174.01,1232308.688
510050.SH,20250702,2.811,2.823,2.804,2.816,4130994.49,1162975.614
510050.SH,20250703,2.818,2.823,2.808,2.82,2259457.11,636587.617
510050.SH,20250704,2.818,2.858,2.809,2.836,5631235.47,1597038.384
510050.SH,20250707,2.831,2.833,2.82,2.828,2882049.82,814856.144
510050.SH,20250708,2.827,2.85,2.827,2.845,4582410.93,1302452.59
510050.SH,20250709,2.847,2.857,2.837,2.842,4053707.06,1154327.161
510050.SH,20250710,2.839,2.879,2.838,2.858,5590829.3,1598907.166
510050.SH,20250711,2.86,2.918,2.858,2.871,12511231.83,3610956.141
510050.SH,20250714,2.87,2.884,2.867,2.869,5217903.01,1500087.616
510050.SH,20250715,2.869,2.876,2.839,2.855,6323674.42,1805683.902
510050.SH,20250716,2.855,2.866,2.839,2.85,4466359.33,1273605.526
510050.SH,20250717,2.849,2.86,2.845,2.859,3816977.79,1088783.179
510050.SH,20250718,2.864,2.889,2.862,2.884,6767310.19,1948265.127
510050.SH,20250721,2.887,2.896,2.88,2.89,5735454.05,1657056.377
510050.SH,20250722,2.892,2.916,2.879,2.914,6589763.45,1911014.128
510050.SH,20250723,2.915,2.946,2.914,2.921,7262293.54,2124964.391
510050.SH,20250724,2.921,2.942,2.913,2.933,5381465.03,1576501.117
510050.SH,20250725,2.933,2.933,2.907,2.916,5725561.24,1671135.438
510050.SH,20250728,2.917,2.933,2.908,2.929,6102849.95,1782760.737
510050.SH,20250729,2.925,2.938,2.916,2.934,5208200.3,1525541.361
510050.SH,20250730,2.93,2.968,2.923,2.943,8261651.02,2433011.771
510050.SH,20250731,2.934,2.934,2.888,2.899,9464199.85,2749811.736
510050.SH,20250801,2.893,2.902,2.869,2.876,8235139.88,2374086.988
510050.SH,20250804,2.868,2.891,2.867,2.89,4798951.6,1383406.392
510050.SH,20250805,2.89,2.916,2.888,2.912,7243018.36,2099184.601
510050.SH,20250806,2.91,2.923,2.907,2.918,3287828.77,959042.523
510050.SH,20250807,2.92,2.931,2.908,2.921,4043734.95,1180788.104
510050.SH,20250808,2.916,2.923,2.905,2.91,2938308.72,856099.43
510050.SH,20250811,2.912,2.924,2.905,2.912,6412171.8,1869028.848
510050.SH,20250812,2.913,2.94,2.913,2.932,6136003.95,1798129.332
510050.SH,20250813,2.932,2.954,2.93,2.94,7414553.74,2180500.31
510050.SH,20250814,2.943,2.982,2.942,2.954,9297513.69,2757349.078
510050.SH,20250815,2.948,2.977,2.938,2.965,13530609.46,4003619.255
510050.SH,20250818,2.97,2.992,2.956,2.971,10996323.67,3269602.786
510050.SH,20250819,2.969,2.985,2.935,2.937,8026990.02,2377183.204
510050.SH,20250820,2.934,2.976,2.921,2.975,10037506.9,2959911.661
510050.SH,20250821,2.979,2.999,2.976,2.99,8740236.48,2611520.308
510050.SH,20250822,2.992,3.067,2.992,3.066,12658648.67,3839493.779
510050.SH,20250825,3.079,3.128,3.074,3.124,11883797.07,3686011.529
510050.SH,20250826,3.121,3.121,3.094,3.101,7274855.94,2259143.373
510050.SH,20250827,3.103,3.116,3.047,3.051,9928063.02,3063603.36
510050.SH,20250828,3.046,3.097,3.035,3.095,11513666.2,3525295.588
510050.SH,20250829,3.085,3.122,3.081,3.112,12427408.93,3859689.659
510050.SH,20250901,3.115,3.122,3.096,3.113,9471058.73,2943557.486
510050.SH,20250902,3.115,3.141,3.1,3.128,7797980.3,2432778.748
510050.SH,20250903,3.128,3.137,3.064,3.087,11190357.71,3463114.302
510050.SH,20250904,3.083,3.086,3.003,3.034,14957114.21,4540923.242
510050.SH,20250905,3.033,3.08,3.027,3.072,6499236.24,1981307.539
510050.SH,20250908,3.07,3.083,3.051,3.067,5352384.52,1640028.027
510050.SH,20250909,3.06,3.08,3.044,3.059,8518875.05,2609463.949
510050.SH,20250910,3.056,3.088,3.054,3.072,4603634.32,1413805.97
510050.SH,20250911,3.06,3.124,3.046,3.122,13086003.25,4051308.693
510050.SH,20250912,3.124,3.136,3.097,3.104,6949718.52,2166630.148
510050.SH,20250915,3.109,3.118,3.089,3.097,5423223.95,1682296.306
510050.SH,20250916,3.1,3.108,3.075,3.082,6450471.99,1991021.244
510050.SH,20250917,3.078,3.094,3.067,3.088,5797480.39,1787174.499
510050.SH,20250918,3.092,3.108,3.02,3.048,13048575.21,3998792.923
510050.SH,20250919,3.04,3.065,3.038,3.045,6556659.65,1998501.642
510050.SH,20250922,3.044,3.061,3.032,3.054,6331044.75,1928638.675
510050.SH,20250923,3.052,3.07,3.023,3.054,11085926.0,3374128.682
510050.SH,20250924,3.044,3.077,3.042,3.072,8089784.0,2479210.133
510050.SH,20250925,3.074,3.097,3.072,3.087,5579762.25,1721400.563
510050.SH,20250926,3.077,3.096,3.072,3.077,4655693.0,1435065.217
510050.SH,20250929,3.072,3.138,3.054,3.109,12640894.96,3914435.874
510050.SH,20250930,3.117,3.128,3.112,3.126,5536346.86,1727831.432
510050.SH,20251009,3.137,3.169,3.121,3.161,6753907.55,2128598.458
510050.SH,20251010,3.145,3.149,3.102,3.112,9312346.21,2914413.378
510050.SH,20251013,3.051,3.108,3.051,3.101,5377148.0,1658253.505
510050.SH,20251014,3.115,3.132,3.086,3.1,11351223.66,3526579.487
510050.SH,20251015,3.102,3.143,3.094,3.138,8039211.65,2502433.071
510050.SH,20251016,3.134,3.168,3.13,3.159,8492968.86,2678346.524
510050.SH,20251017,3.158,3.163,3.098,3.11,10476012.11,3278620.181
510050.SH,20251020,3.121,3.134,3.103,3.111,9068140.37,2826283.876
510050.SH,20251021,3.118,3.152,3.114,3.144,8524248.0,2676516.855
510050.SH,20251022,3.127,3.153,3.122,3.148,7930701.1,2490736.551
510050.SH,20251023,3.145,3.172,3.121,3.167,5765692.81,1815583.86
510050.SH,20251024,3.175,3.199,3.171,3.192,6810618.47,2170182.537
510050.SH,20251027,3.208,3.225,3.2,3.216,9466972.2,3042816.244
510050.SH,20251028,3.212,3.223,3.19,3.196,7843014.9,2513720.323
510050.SH,20251029,3.198,3.212,3.194,3.21,6303458.6,2018965.576
510050.SH,20251030,3.205,3.223,3.188,3.193,9869085.81,3163449.253
510050.SH,20251031,3.194,3.197,3.156,3.16,10606639.18,3363311.712
510050.SH,20251103,3.153,3.164,3.132,3.161,10062006.74,3166655.043
510050.SH,20251104,3.16,3.173,3.141,3.156,9918415.76,3136611.917
510050.SH,20251105,3.133,3.164,3.125,3.15,5728688.19,1803327.006
510050.SH,20251106,3.158,3.195,3.154,3.19,6410614.13,2037541.881
510050.SH,20251107,3.183,3.196,3.181,3.186,4454562.56,1420114.082
510050.SH,20251110,3.189,3.203,3.174,3.201,4411218.42,1406521.562
510050.SH,20251111,3.205,3.208,3.169,3.18,5112493.02,1628643.364
510050.SH,20251112,3.178,3.206,3.178,3.197,5535944.48,1768649.254
510050.SH,20251113,3.191,3.225,3.19,3.221,5012236.94,1608743.671
510050.SH,20251114,3.21,3.223,3.182,3.183,4273871.53,1369872.62
510050.SH,20251117,3.182,3.183,3.146,3.159,7648815.78,2416180.192
510050.SH,20251118,3.152,3.168,3.139,3.15,6626141.19,2089781.641
510050.SH,20251119,3.146,3.178,3.146,3.165,7117605.32,2254120.766
510050.SH,20251120,3.177,3.186,3.15,3.156,3863729.77,1224754.736
510050.SH,20251121,3.137,3.173,3.095,3.101,7926386.72,2473786.882
510050.SH,20251124,3.105,3.11,3.086,3.094,6183482.0,1914988.653
510050.SH,20251125,3.104,3.118,3.096,3.11,5700565.3,1771704.351
510050.SH,20251126,3.113,3.25,3.111,3.114,4655891.8,1455522.61
510050.SH,20251127,3.118,3.134,3.109,3.112,6512393.53,2031957.083
510050.SH,20251128,3.111,3.118,3.097,3.113,5891902.0,1833142.674
510050.SH,20251201,3.117,3.138,3.114,3.137,7558124.3,2362655.988
510050.SH,20251202,3.137,3.138,3.115,3.122,4791261.44,1497172.653
510050.SH,20251203,3.12,3.128,3.1,3.108,4778344.75,1488190.809
510050.SH,20251204,3.112,3.125,3.102,3.116,4306398.79,1340649.98
510050.SH,20251205,3.116,3.158,3.113,3.145,6637136.99,2079986.96
510050.SH,20251208,3.152,3.178,3.151,3.164,7894104.36,2500002.711
510050.SH,20251209,3.16,3.162,3.135,3.142,5570293.93,1754740.99
510050.SH,20251210,3.138,3.142,3.113,3.132,5522260.66,1724812.129
510050.SH,20251211,3.137,3.142,3.109,3.12,4920668.77,1536097.539
510050.SH,20251212,3.125,3.139,3.11,3.134,6310280.0,1970526.961
510050.SH,20251215,3.126,3.163,3.122,3.133,5200072.72,1635603.985
510050.SH,20251216,3.131,3.132,3.089,3.103,7878038.0,2442529.699
510050.SH,20251217,3.025,3.074,3.014,3.058,8863130.93,2695966.16
510050.SH,20251218,3.053,3.069,3.046,3.064,3775787.53,1154764.013
510050.SH,20251219,3.065,3.09,3.058,3.078,8660722.4,2665173.324
510050.SH,20251222,3.083,3.1,3.082,3.092,5439508.13,1682043.22
510050.SH,20251223,3.096,3.113,3.089,3.098,7227072.19,2241101.077
510050.SH,20251224,3.097,3.105,3.084,3.099,6620371.06,2050027.844
510050.SH,20251225,3.096,3.113,3.09,3.107,4466238.13,1386865.466
510050.SH,20251226,3.108,3.134,3.106,3.12,7161972.58,2236789.637
510050.SH,20251229,3.12,3.13,3.101,3.109,4870164.93,1518726.583
510050.SH,20251230,3.1,3.123,3.094,3.108,5242575.65,1629081.498
510050.SH,20251231,3.11,3.124,3.097,3.105,9114746.75,2833025.366
510050.SH,20260105,3.116,3.182,3.116,3.174,7992178.65,2524515.102
510050.SH,20260106,3.18,3.236,3.177,3.235,6444102.02,2073263.117
510050.SH,20260107,3.236,3.238,3.206,3.22,6129681.72,1976501.651
510050.SH,20260108,3.212,3.218,3.182,3.198,5125429.24,1642284.602
510050.SH,20260109,3.197,3.223,3.188,3.209,6013760.95,1927069.956
510050.SH,20260112,3.215,3.225,3.2,3.218,5443025.09,1748840.628
510050.SH,20260113,3.223,3.256,3.2,3.214,9151139.92,2949642.163
510050.SH,20260114,3.216,3.249,3.179,3.187,11870163.9,3820923.161
510050.SH,20260115,3.18,3.205,3.17,3.18,36385076.92,11581736.839
510050.SH,20260116,3.193,3.207,3.142,3.16,34763667.33,11018656.854
510050.SH,20260119,3.153,3.174,3.142,3.153,22693188.06,7155389.658
510050.SH,20260120,3.152,3.167,3.135,3.15,24576445.89,7744320.022
510050.SH,20260121,3.147,3.175,3.136,3.145,53658762.28,16901428.956
510050.SH,20260122,3.153,3.166,3.124,3.131,28467854.48,8925098.582
510050.SH,20260123,3.135,3.141,3.094,3.106,39699812.24,12351771.835
510050.SH,20260126,3.115,3.166,3.111,3.129,53619426.68,16795014.111
510050.SH,20260127,3.13,3.158,3.123,3.131,28902465.01,9061716.278
510050.SH,20260128,3.141,3.152,3.123,3.138,68470664.75,21454832.756
510050.SH,20260129,3.145,3.203,3.128,3.196,36935944.92,11689686.75
510050.SH,20260130,3.175,3.186,3.116,3.147,11439161.51,3606714.962
510050.SH,20260202,3.13,3.154,3.071,3.08,16930653.18,5253679.671
510050.SH,20260203,3.098,3.111,3.063,3.108,9719698.38,3003809.726
510050.SH,20260204,3.107,3.148,3.103,3.147,7163199.35,2238591.025
510050.SH,20260205,3.129,3.145,3.106,3.137,7105427.01,2221742.828
510050.SH,20260206,3.11,3.135,3.092,3.115,7068557.56,2200633.906
510050.SH,20260209,3.14,3.162,3.135,3.161,6225056.37,1962017.584
510050.SH,20260210,3.165,3.171,3.159,3.17,4426209.52,1400921.663
510050.SH,20260211,3.165,3.174,3.156,3.17,3693564.56,1169523.562
510050.SH,20260212,3.171,3.176,3.158,3.161,2559036.36,809350.294
510050.SH,20260213,3.149,3.15,3.111,3.114,9338775.56,2917013.891
510050.SH,20260224,3.15,3.154,3.118,3.119,4165785.66,1303475.437
510050.SH,20260225,3.121,3.162,3.121,3.134,8470642.66,2659610.449
510050.SH,20260226,3.136,3.14,3.101,3.115,4776385.93,1488554.625
510050.SH,20260227,3.108,3.128,3.104,3.123,5581605.75,1740196.93
510050.SH,20260302,3.113,3.131,3.086,3.125,10925052.06,3401466.066
510050.SH,20260303,3.122,3.137,3.089,3.096,8676073.96,2697542.076
510050.SH,20260304,3.07,3.077,3.03,3.051,6620919.28,2022399.263
510050.SH,20260305,3.066,3.078,3.054,3.066,5806391.19,1780740.164
510050.SH,20260306,3.055,3.079,3.047,3.068,6014139.89,1842106.689
510050.SH,20260309,3.04,3.05,3.005,3.041,8632088.65,2612539.197
510050.SH,20260310,3.047,3.064,3.047,3.06,4393112.96,1342906.763
510050.SH,20260311,3.06,3.066,3.048,3.062,3983936.1,1218659.571
510050.SH,20260312,3.058,3.061,3.03,3.047,5331609.06,1624238.842
510050.SH,20260313,3.038,3.055,3.027,3.035,4469639.0,1360100.429
510050.SH,20260316,3.03,3.032,3.003,3.028,6431453.95,1943812.608
510050.SH,20260317,3.03,3.072,3.028,3.039,7016996.31,2142979.238
510050.SH,20260318,3.045,3.05,3.015,3.035,5913833.37,1793105.343
510050.SH,20260319,3.01,3.018,2.983,2.993,7664708.49,2298977.591
510050.SH,20260320,2.99,3.001,2.955,2.957,9070530.0,2701831.656
510050.SH,20260323,2.924,2.931,2.851,2.868,13985704.97,4033225.736
510050.SH,20260324,2.88,2.902,2.862,2.9,9756823.04,2815365.062
510050.SH,20260325,2.911,2.935,2.91,2.93,11941219.67,3493475.49
510050.SH,20260326,2.927,2.935,2.89,2.897,4154586.12,1209382.587
510050.SH,20260327,2.877,2.919,2.876,2.909,6506351.73,1890122.901
510050.SH,20260330,2.886,2.908,2.875,2.905,5452618.4,1575939.126
510050.SH,20260331,2.912,2.939,2.9,2.902,6016877.23,1758374.966
510050.SH,20260401,2.93,2.957,2.929,2.951,4575114.94,1347557.081
510050.SH,20260402,2.945,2.947,2.911,2.926,4193380.35,1229403.559
510050.SH,20260403,2.93,2.932,2.898,2.901,2830256.91,824316.115
510050.SH,20260407,2.901,2.915,2.895,2.9,4016673.33,1166961.547
510050.SH,20260408,2.94,2.982,2.938,2.978,8465137.32,2507918.932
510050.SH,20260409,2.964,2.964,2.95,2.958,3756176.71,1111116.413
510050.SH,20260410,2.967,2.989,2.966,2.972,4850041.57,1444035.469
510050.SH,20260413,2.966,2.975,2.956,2.972,2694992.93,799899.357
510050.SH,20260414,2.988,2.999,2.972,2.997,4224665.02,1261579.353
510050.SH,20260415,3.008,3.027,3.005,3.008,3957363.69,1193503.853
510050.SH,20260416,3.01,3.024,3.004,3.014,5217587.3,1573196.748
510050.SH,20260417,2.999,3.004,2.98,2.982,8270499.22,2471940.802
510050.SH,20260420,2.982,3.011,2.981,3.007,6487534.28,1946054.154
510050.SH,20260421,3.006,3.01,2.992,3.006,6901858.84,2071605.592
510050.SH,20260422,2.998,3.01,2.996,3.005,9780069.09,2936318.894
510050.SH,20260423,3.006,3.014,2.984,3.001,13105052.81,3933095.472
510050.SH,20260424,2.995,3.024,2.986,3.018,9899961.16,2976800.794
510050.SH,20260427,3.015,3.031,3.007,3.013,10157245.12,3062740.187
510050.SH,20260428,3.008,3.037,3.006,3.024,12383674.02,3748025.654
510050.SH,20260429,3.019,3.046,3.014,3.041,12870056.15,3894058.815
510050.SH,20260430,3.042,3.065,3.037,3.062,17512074.62,5350037.813
510050.SH,20260506,3.079,3.116,3.077,3.1,18737283.53,5816897.296
510050.SH,20260507,3.107,3.115,3.094,3.103,16135512.83,5002057.798
510050.SH,20260508,3.092,3.093,3.061,3.075,18079093.13,5554580.169
510050.SH,20260511,3.09,3.123,3.081,3.116,17761778.94,5508278.52
510050.SH,20260512,3.116,3.131,3.108,3.119,11788728.9,3674864.435
510050.SH,20260513,3.107,3.127,3.093,3.123,13770469.33,4278442.732
510050.SH,20260514,3.131,3.133,3.072,3.074,10422840.56,3230850.343
510050.SH,20260515,3.065,3.076,3.018,3.035,11090661.92,3383669.38
510050.SH,20260518,3.02,3.03,2.992,3.008,8709845.63,2621819.056
510050.SH,20260519,3.005,3.028,2.99,3.026,16453482.27,4945752.838
510050.SH,20260520,3.012,3.037,3.01,3.029,12820187.8,3878181.495
510050.SH,20260521,3.043,3.072,2.992,2.994,9552675.14,2908756.656
510050.SH,20260522,3.005,3.01,2.982,2.995,12521537.48,3749093.628
510050.SH,20260525,3.003,3.041,3.0,3.039,13538491.76,4099283.633
510050.SH,20260526,3.033,3.049,3.019,3.046,8749755.33,2655191.778
510050.SH,20260527,3.042,3.051,2.993,3.008,9816737.2,2961688.369
510050.SH,20260528,3.0,3.003,2.966,2.985,4935067.64,1474660.558
510050.SH,20260529,2.988,3.013,2.984,2.997,6306753.07,1889896.638
510050.SH,20260601,2.999,2.999,2.961,2.968,7982425.29,2381957.844
510050.SH,20260602,2.97,3.008,2.966,2.993,7719412.3,2306590.138
510050.SH,20260603,2.992,3.014,2.981,2.996,9154496.33,2746601.612
510050.SH,20260604,2.98,2.993,2.957,2.964,6368815.69,1892240.982
510050.SH,20260605,2.958,2.985,2.934,2.94,6817209.04,2018142.492
