trade_date,close,log_return,garch_h1_variance_pct2,model_vol,model_name
2022-01-05,3.241,-0.0018495689612985301,1.2465302033677443,0.1772358911870481,garch_1_1
2022-01-06,3.193,-0.014921010426765354,1.2998328479115344,0.18098560099458375,garch_1_1
2022-01-07,3.207,0.004375006978372834,1.2167502336335454,0.17510598472800792,garch_1_1
2022-01-10,3.216,0.0028024306057021155,1.1358825247851865,0.16918699602684215,garch_1_1
2022-01-11,3.196,-0.0062383234126917025,1.083909933053013,0.1652710812965654,garch_1_1
2022-01-12,3.22,0.007481331652288766,1.0495961096701414,0.16263401232118563,garch_1_1
2022-01-13,3.166,-0.01691239809749664,1.1663544407559596,0.1714413366345765,garch_1_1
2022-01-14,3.12,-0.01463595963742938,1.2234740076444515,0.17558913688676808,garch_1_1
2022-01-17,3.131,0.003519440522877645,1.144789686777112,0.16984905094460556,garch_1_1
2022-01-18,3.169,0.01206363836451523,1.1614320991384064,0.17107918896899132,garch_1_1
2022-01-19,3.169,0.0,1.081734220305428,0.1651051251527244,garch_1_1
2022-01-20,3.214,0.014100186606537201,1.140093478987787,0.16950031171207985,garch_1_1
2022-01-21,3.206,-0.002492213127959607,1.0667348057380808,0.16395644880455187,garch_1_1
2022-01-24,3.195,-0.0034369663578631003,1.0053905633351552,0.15917236630786738,garch_1_1
2022-01-25,3.129,-0.02087362314275294,1.2235465826632765,0.17559434467862162,garch_1_1
2022-01-26,3.144,0.004782409880215098,1.1516761987967414,0.17035915064849871,garch_1_1
2022-01-27,3.107,-0.011838244156049777,1.162871625334368,0.1711851773911108,garch_1_1
2022-01-28,3.036,-0.023116770877526872,1.4263973141728428,0.18959222641541937,garch_1_1
2022-02-07,3.095,0.019247046603176075,1.5559681018714469,0.19801615127852693,garch_1_1
2022-02-08,3.098,0.0009688358581173689,1.4314798148767662,0.1899297010340787,garch_1_1
2022-02-09,3.12,0.007076259826714094,1.353310358536861,0.18467111586582483,garch_1_1
2022-02-10,3.128,0.0025608208616736505,1.2558660149573049,0.17789835181058897,garch_1_1
2022-02-11,3.123,-0.0015997443821231378,1.166862015582643,0.1714786365489375,garch_1_1
2022-02-14,3.088,-0.011270446138411785,1.1678768807594182,0.17155319115404802,garch_1_1
2022-02-15,3.1,0.0038784793285708383,1.097326554491412,0.16629079701890775,garch_1_1
2022-02-16,3.116,0.005148016517401237,1.0423532492489236,0.16207190342891908,garch_1_1
2022-02-17,3.119,0.0009623096171645182,0.9770156686115757,0.1569101489675276,garch_1_1
2022-02-18,3.144,0.007983436941293892,0.9600451775447058,0.15554143651814004,garch_1_1
2022-02-21,3.13,-0.004462870014898317,0.9161641365019956,0.1519451751121117,garch_1_1
2022-02-22,3.081,-0.015778784937530994,1.0244544698315927,0.160674368334704,garch_1_1
2022-02-23,3.1,0.006147891876569838,0.9852059313239061,0.1575664604837033,garch_1_1
2022-02-24,3.043,-0.018558240576266465,1.1469379768147294,0.17000834395914566,garch_1_1
2022-02-25,3.056,0.0042630003894399285,1.080836778933642,0.1650366226906252,garch_1_1
2022-02-28,3.061,0.0016347886590012824,1.0122258093231176,0.1597125242269452,garch_1_1
2022-03-01,3.105,0.014272055422166722,1.0817435407357745,0.16510583643996815,garch_1_1
2022-03-02,3.088,-0.005490083222912286,1.0303858509076427,0.16113883282087094,garch_1_1
2022-03-03,3.078,-0.0032435967458423775,0.9724050351006711,0.15653947388609976,garch_1_1
2022-03-04,3.046,-0.010450780943717415,0.9843795557058892,0.15750036445604945,garch_1_1
2022-03-07,2.955,-0.03033060361490848,1.5166881950880393,0.19550074812188978,garch_1_1
2022-03-08,2.915,-0.013628831055605787,1.515152479514548,0.19540174636826205,garch_1_1
2022-03-09,2.887,-0.009651919121657627,1.4542979434848342,0.19143747850360396,garch_1_1
2022-03-10,2.913,0.008965577296499425,1.3931339398246645,0.18736855468189306,garch_1_1
2022-03-11,2.922,0.0030848353512103162,1.293035874116733,0.18051178362572806,garch_1_1
2022-03-14,2.832,-0.03128513749703448,1.8276647532105006,0.2146093003131612,garch_1_1
2022-03-15,2.687,-0.052557846198119144,3.449572598630515,0.2948376324106015,garch_1_1
2022-03-16,2.81,0.0447591537123002,4.400161626570126,0.3329926020042595,garch_1_1
2022-03-17,2.857,0.016587639902981777,4.125635557936717,0.32243761576467045,garch_1_1
2022-03-18,2.891,0.011830339785572994,3.7953328726618505,0.3092610360053116,garch_1_1
2022-03-21,2.874,-0.005897675377375807,3.434391101583222,0.29418812987593024,garch_1_1
2022-03-22,2.882,0.002779709920497213,3.098008326865196,0.27940975258033307,garch_1_1
2022-03-23,2.899,0.005881352362188082,2.8178435133777624,0.2664763714424219,garch_1_1
2022-03-24,2.884,-0.005187630516815875,2.564451261737819,0.2542128474247379,garch_1_1
2022-03-25,2.838,-0.01607864068485172,2.4890326941187686,0.2504468484365355,garch_1_1
2022-03-28,2.836,-0.0007049700679699324,2.2567048064515887,0.23847213909088005,garch_1_1
2022-03-29,2.823,-0.004594459398528729,2.0642339110134618,0.22807607186537399,garch_1_1
2022-03-30,2.898,0.026220694627138337,2.3251084507497115,0.24205935833776956,garch_1_1
2022-03-31,2.881,-0.005883387796099359,2.13340216190706,0.2318657682368355,garch_1_1
2022-04-01,2.923,0.014473030026717506,2.0775151461955907,0.22880861365807206,garch_1_1
2022-04-06,2.911,-0.004113821365622727,1.9030088868673771,0.21898818221323704,garch_1_1
2022-04-07,2.884,-0.009318445340783568,1.7934181647602103,0.21258912895996657,garch_1_1
2022-04-08,2.909,0.008631160090361824,1.6893831433099877,0.206330936147277,garch_1_1
2022-04-11,2.832,-0.026826203681591217,2.01152270410679,0.22514522456292763,garch_1_1
2022-04-12,2.876,0.015417264027327033,1.9879169641440968,0.2238202571181421,garch_1_1
2022-04-13,2.866,-0.0034831104528201253,1.8206727702093417,0.21419839824161946,garch_1_1
2022-04-14,2.911,0.015579335357506089,1.8222963751873853,0.21429388384814466,garch_1_1
2022-04-15,2.914,0.001030043009526921,1.6672137835180774,0.2049726502357218,garch_1_1
2022-04-18,2.871,-0.014866306634086252,1.671013414797196,0.20520608678323687,garch_1_1
2022-04-19,2.844,-0.009448889197932507,1.589716277453967,0.20015206766816068,garch_1_1
2022-04-20,2.816,-0.00989407364519843,1.523312956454176,0.1959272479841567,garch_1_1
2022-04-21,2.78,-0.012866510593250299,1.508029733883542,0.19494191261466903,garch_1_1
2022-04-22,2.795,0.00538117890451675,1.407345161507453,0.18832179393258713,garch_1_1
2022-04-25,2.662,-0.04875438663414264,2.829417974079909,0.2670230944072323,garch_1_1
2022-04-26,2.664,0.0007510327052229727,2.5579989970216053,0.2538928410273603,garch_1_1
2022-04-27,2.714,0.018594808734534687,2.5412844840404496,0.2530619864733131,garch_1_1
2022-04-28,2.749,0.012813647770431352,2.4091423525512807,0.2463947793365198,garch_1_1
2022-04-29,2.793,0.015879077779930993,2.3490790701181603,0.24330390988838968,garch_1_1
2022-05-05,2.781,-0.004305711711211868,2.1443257088763956,0.2324586153784909,garch_1_1
2022-05-06,2.703,-0.028448307957517315,2.47179062845466,0.24957789132264385,garch_1_1
2022-05-09,2.677,-0.009665502756095023,2.3009171616019697,0.24079682820246956,garch_1_1
2022-05-10,2.701,0.008925310272263029,2.1417714592410912,0.2323201256302938,garch_1_1
2022-05-11,2.722,0.00774482941879569,1.9882107802187898,0.22383679693364428,garch_1_1
2022-05-12,2.702,-0.007374664691267182,1.847982487780483,0.2157988848258215,garch_1_1
2022-05-13,2.729,0.009943002188194246,1.7534370176547174,0.2102061199035339,garch_1_1
2022-05-16,2.702,-0.009943002188194376,1.6687993769237037,0.20507009606102333,garch_1_1
2022-05-17,2.737,0.012870190520534956,1.638090854588589,0.20317452974138378,garch_1_1
2022-05-18,2.728,-0.003293690077326351,1.5103220554162227,0.19509001972548162,garch_1_1
2022-05-19,2.726,-0.0007334067068749053,1.3907489225443226,0.187208100380611,garch_1_1
2022-05-20,2.793,0.024280953688698797,1.6659437095457603,0.20489456186183458,garch_1_1
2022-05-23,2.763,-0.010799241021760273,1.602791936231724,0.20097352261688464,garch_1_1
2022-05-24,2.72,-0.015685165633373428,1.6301006511713412,0.20267840637205978,garch_1_1
2022-05-25,2.725,0.0018365478073013304,1.4986859164051427,0.1943370399419771,garch_1_1
2022-05-26,2.725,0.0,1.3801424892405578,0.18649287045048682,garch_1_1
2022-05-27,2.744,0.006948281748431538,1.3067226722377474,0.1814646283450062,garch_1_1
2022-05-30,2.758,0.005089069507471228,1.2272387490942822,0.17585908130425312,garch_1_1
2022-05-31,2.792,0.012252405529015865,1.237353171098836,0.17658227519117162,garch_1_1
2022-06-01,2.782,-0.0035880913988748098,1.1570337904733605,0.17075494581396078,garch_1_1
2022-06-02,2.777,-0.001798885176588658,1.0798399965019259,0.16496050409673382,garch_1_1
2022-06-06,2.81,0.0118132750209918,1.100096975876329,0.16650058195719164,garch_1_1
2022-06-07,2.829,0.006738808973775748,1.0570745273249489,0.16321237112605377,garch_1_1
2022-06-08,2.863,0.01194673379654772,1.082004677433655,0.1651257638024064,garch_1_1
2022-06-09,2.853,-0.0034989538846149585,1.0191757533583432,0.16025987952269977,garch_1_1
2022-06-10,2.886,0.011500388120316113,1.0417017386944893,0.16202124494985568,garch_1_1
2022-06-13,2.835,-0.01782952317196382,1.1798667123010982,0.1724315549717849,garch_1_1
2022-06-14,2.874,0.01366285047711789,1.2190731823038883,0.17527305609835753,garch_1_1
2022-06-15,2.913,0.013478690320464259,1.2505320965397828,0.17752016458082312,garch_1_1
2022-06-16,2.886,-0.00931201762561836,1.2160180266294398,0.17505328980359633,garch_1_1
2022-06-17,2.929,0.014789607493917197,1.2717853839956517,0.17902232172746063,garch_1_1
2022-06-20,2.923,-0.0020505817164874146,1.1819865203667457,0.17258638507495888,garch_1_1
2022-06-21,2.929,0.0020505817164874905,1.1027334061998937,0.16669997551360746,garch_1_1
2022-06-22,2.898,-0.010640223947105645,1.1022631201692172,0.1666644252030537,garch_1_1
2022-06-23,2.939,0.01404854353828954,1.1573180427702539,0.1707759194904551,garch_1_1
2022-06-24,2.978,0.013182546825036964,1.190784954312466,0.1732275406760546,garch_1_1
2022-06-27,3.016,0.01267951588389233,1.2119847519980322,0.17476274131047045,garch_1_1
2022-06-28,3.043,0.008912420769124421,1.1781155238830265,0.17230354378785212,garch_1_1
2022-06-29,3.018,-0.00824951056917701,1.1399649392029436,0.16949075629046612,garch_1_1
2022-06-30,3.069,0.016757415291942124,1.244612921916349,0.17709953594600975,garch_1_1
2022-07-01,3.058,-0.003590668130728596,1.163469147805685,0.17122915208778924,garch_1_1
2022-07-04,3.063,0.0016337203437677673,1.0853381177847825,0.16537992794827466,garch_1_1
2022-07-05,3.063,0.0,1.0144048912079973,0.15988434338121268,garch_1_1
2022-07-06,3.011,-0.017122578351041456,1.1398182570140356,0.16947985153626285,garch_1_1
2022-07-07,3.002,-0.0029935162883266255,1.0682395271321032,0.1640720454060624,garch_1_1
2022-07-08,3.006,0.001331558119512613,1.0004846368473037,0.15878354086161467,garch_1_1
2022-07-11,2.961,-0.015083242211328476,1.0852575623511518,0.1653737904604264,garch_1_1
2022-07-12,2.944,-0.005757848252824378,1.0354236789682973,0.16153227761039307,garch_1_1
2022-07-13,2.935,-0.003061747586569971,0.976132322528861,0.15683919958902906,garch_1_1
2022-07-14,2.915,-0.006837633477604075,0.9475828863788427,0.15452860167861107,garch_1_1
2022-07-15,2.872,-0.01486116861647801,1.034172777543636,0.16143467407623316,garch_1_1
2022-07-18,2.911,0.01348801357750855,1.0870914341817635,0.1655134560734578,garch_1_1
2022-07-19,2.899,-0.0041308148239677465,1.0267535873905422,0.16085456288909453,garch_1_1
2022-07-20,2.908,0.0030997097317543797,0.9689159643891206,0.15625838314345197,garch_1_1
2022-07-21,2.874,-0.011760772014439628,0.9999871673876043,0.1587440601035756,garch_1_1
2022-07-22,2.887,0.004513113023964749,0.952239581353525,0.15490783534124034,garch_1_1
2022-07-25,2.878,-0.0031222922156219465,0.9027679318763769,0.1508302087888388,garch_1_1
2022-07-26,2.891,0.004506854569032897,0.8661815413654267,0.14774225814711495,garch_1_1
2022-07-27,2.867,-0.008336276132976233,0.8648836389678262,0.14763152678879,garch_1_1
2022-07-28,2.866,-0.0003488574952526056,0.8194040216169094,0.1436975342333546,garch_1_1
2022-07-29,2.828,-0.013347581371653832,0.8933051463492336,0.15003762757388792,garch_1_1
2022-08-01,2.818,-0.003542334557837804,0.852405792360581,0.14656270319384343,garch_1_1
2022-08-02,2.77,-0.017180093277241317,0.9977476744489704,0.15856620508832914,garch_1_1
2022-08-03,2.75,-0.007246408520767198,0.9704001618046957,0.15637801660552653,garch_1_1
2022-08-04,2.777,0.009770296646182699,0.974732769974706,0.15672672332235685,garch_1_1
2022-08-05,2.815,0.013591053266991091,1.036301852297068,0.1616007632342314,garch_1_1
2022-08-08,2.8,-0.0053428444104954695,0.9891571429826603,0.15788210792601876,garch_1_1
2022-08-09,2.801,0.00035707909681331973,0.929402068279927,0.1530389888905901,garch_1_1
2022-08-10,2.768,-0.0118514585225485,0.966400634692091,0.1560554260326782,garch_1_1
2022-08-11,2.826,0.020737246506912724,1.1874439575299194,0.17298435689319994,garch_1_1
2022-08-12,2.836,0.003532324407545294,1.1129688598168115,0.16747183425096784,garch_1_1
2022-08-15,2.82,-0.005657723719858837,1.0592111741245194,0.16337723705564947,garch_1_1
2022-08-16,2.807,-0.00462058757027676,1.0048238575975348,0.15912749985925712,garch_1_1
2022-08-17,2.823,0.005683851891606766,0.964273698255518,0.15588360143401567,garch_1_1
2022-08-18,2.797,-0.009252735051529536,0.9620247914374622,0.1557017172166834,garch_1_1
2022-08-19,2.792,-0.0017892293196967856,0.9072706514841916,0.15120588750905709,garch_1_1
2022-08-22,2.793,0.0003581020629138082,0.8569479437880154,0.14695267327768485,garch_1_1
2022-08-23,2.774,-0.006825965070399871,0.8420241816888546,0.14566746163285452,garch_1_1
2022-08-24,2.746,-0.010145014546860539,0.864971170040756,0.14763899716886136,garch_1_1
2022-08-25,2.793,0.016970979617260563,1.005948081362058,0.1592164930223118,garch_1_1
2022-08-26,2.794,0.00035797387173038865,0.9442594505247248,0.1542573763332667,garch_1_1
2022-08-29,2.772,-0.007905179507113374,0.9294755485758078,0.1530450385478417,garch_1_1
2022-08-30,2.768,-0.0014440435722336913,0.8777679773683972,0.14872710926284963,garch_1_1
2022-08-31,2.801,0.011851458522548488,0.9218844636874568,0.1524187930831494,garch_1_1
2022-09-01,2.775,-0.009325749079573684,0.9253889871334706,0.15270822661455885,garch_1_1
2022-09-02,2.752,-0.008322827127300631,0.9171276711564125,0.15202505488616538,garch_1_1
2022-09-05,2.741,-0.004005102750448356,0.8757133754448612,0.14855294363024416,garch_1_1
2022-09-06,2.764,0.008356088584774646,0.8743551772467343,0.14843769894005263,garch_1_1
2022-09-07,2.754,-0.0036245055989602487,0.8360141417280794,0.1451466719272185,garch_1_1
2022-09-08,2.748,-0.0021810259463601145,0.7967576927661862,0.14169789644771688,garch_1_1
2022-09-09,2.8,0.018746042821055194,0.9865547287264762,0.15767428187217852,garch_1_1
2022-09-13,2.808,0.0028530689824064807,0.9323885247094618,0.1532846724975411,garch_1_1
2022-09-14,2.788,-0.007147993265287284,0.9116607310981205,0.15157127176240437,garch_1_1
2022-09-15,2.784,-0.0014357504261042647,0.8619901170051518,0.14738436466779584,garch_1_1
2022-09-16,2.724,-0.02178735418490718,1.121749928151798,0.16813119338607369,garch_1_1
2022-09-19,2.719,-0.0018372226369323418,1.0487081784803125,0.16256520567976368,garch_1_1
2022-09-20,2.714,-0.0018406042376562588,0.984087370496685,0.15747698795861084,garch_1_1
2022-09-21,2.691,-0.00851068966790873,0.971094650824913,0.15643396434530388,garch_1_1
2022-09-22,2.67,-0.007834399332610553,0.9525050589382578,0.1549294274347004,garch_1_1
2022-09-23,2.672,0.0007487832622413105,0.8972702630112696,0.15037024515469805,garch_1_1
2022-09-26,2.654,-0.006759319764383566,0.8771216589971808,0.14867234378568517,garch_1_1
2022-09-27,2.681,0.010121923343806561,0.8967252427787272,0.15032456924276857,garch_1_1
2022-09-28,2.651,-0.011252931946933812,0.9286015199641001,0.15297306397890878,garch_1_1
2022-09-29,2.651,0.0,0.8757215185081426,0.14855363430897675,garch_1_1
2022-09-30,2.65,-0.00037728730875762523,0.8290054789272105,0.14453697820615216,garch_1_1
2022-10-10,2.586,-0.024447359648465165,1.1717243051581896,0.17183553907730023,garch_1_1
2022-10-11,2.578,-0.00309837583267011,1.096877241521892,0.1662567486941558,garch_1_1
2022-10-12,2.594,0.006187181377256456,1.0496013066089385,0.16263441495128036,garch_1_1
2022-10-13,2.564,-0.011632546835828511,1.0694514251811402,0.16416508738024882,garch_1_1
2022-10-14,2.625,0.02351235698516338,1.357932762725274,0.18498623089483418,garch_1_1
2022-10-17,2.623,-0.0007621951588503165,1.2559384614690388,0.17790348290300495,garch_1_1
2022-10-18,2.608,-0.0057350568203301195,1.1862774679824666,0.1728993701352268,garch_1_1
2022-10-19,2.557,-0.019748947755356978,1.3541984772585485,0.18473170173772402,garch_1_1
2022-10-20,2.544,-0.005097050831173769,1.2687955568187763,0.17881176703962512,garch_1_1
2022-10-21,2.527,-0.0067048170718185226,1.2053835219779345,0.17428615766561598,garch_1_1
2022-10-24,2.439,-0.035444709172274026,1.9288574931892741,0.22047042619900228,garch_1_1
2022-10-25,2.431,-0.003285423899796878,1.7675629744986872,0.21105114772814412,garch_1_1
2022-10-26,2.439,0.0032854238997968503,1.6251711825760373,0.20237172184106192,garch_1_1
2022-10-27,2.419,-0.008233887605893029,1.5353626031338004,0.1967006293812294,garch_1_1
2022-10-28,2.365,-0.02257620968399389,1.7400861619048484,0.20940432488370955,garch_1_1
2022-10-31,2.333,-0.013623028904603393,1.712717378659428,0.20775099985852677,garch_1_1
2022-11-01,2.436,0.043202356808357635,2.774996488750143,0.26444264315065297,garch_1_1
2022-11-02,2.456,0.008176660437245539,2.5529537829109206,0.2536423374150207,garch_1_1
2022-11-03,2.425,-0.012702485895449572,2.4163786956291604,0.24676454998612513,garch_1_1
2022-11-04,2.506,0.032856332084430014,2.889760988514257,0.2698554741163486,garch_1_1
2022-11-07,2.515,0.003584947077826002,2.6194537830923728,0.25692457129268076,garch_1_1
2022-11-08,2.497,-0.007182792254066409,2.4047263465326894,0.2461688524826481,garch_1_1
2022-11-09,2.478,-0.007638228090685319,2.2190610439564624,0.23647481537724657,garch_1_1
2022-11-10,2.482,0.001612903575464779,2.019300292156297,0.22558006862827815,garch_1_1
2022-11-11,2.555,0.028987536873252187,2.3839702385821027,0.24510416155640644,garch_1_1
2022-11-14,2.576,0.008185584586439282,2.2070612769152254,0.2358345695148692,garch_1_1
2022-11-15,2.625,0.018843087801479915,2.2367734539800512,0.23741670337256662,garch_1_1
2022-11-16,2.615,-0.003816798526700742,2.042419486534841,0.22686773913599526,garch_1_1
2022-11-17,2.6,-0.005752652489449922,1.8822995358981567,0.2177933614797144,garch_1_1
2022-11-18,2.59,-0.0038535693159900777,1.728954586951465,0.20873345585022282,garch_1_1
2022-11-21,2.557,-0.01282317940239681,1.689269618402657,0.20632400341149587,garch_1_1
2022-11-22,2.57,0.005071202598078777,1.5656052756602252,0.19862842935148453,garch_1_1
2022-11-23,2.575,0.0019436352085712523,1.441885522735849,0.1906187692042507,garch_1_1
2022-11-24,2.558,-0.00662383095904871,1.3578447115866847,0.18498023335476807,garch_1_1
2022-11-25,2.585,0.010499804803741542,1.3271204027755188,0.18287546076481412,garch_1_1
2022-11-28,2.54,-0.017561426929947183,1.4263062815629812,0.18958617643538025,garch_1_1
2022-11-29,2.648,0.04164055704431657,2.4360667537716854,0.247767798947011,garch_1_1
2022-11-30,2.645,-0.001133572764499105,2.2103264641233618,0.23600895511803935,garch_1_1
2022-12-01,2.632,-0.00492705184719185,2.0252227920932597,0.2259106335716629,garch_1_1
2022-12-02,2.617,-0.005715389915062009,1.8668099210913276,0.21689538955796514,garch_1_1
2022-12-05,2.68,0.023788170974756568,2.071874750763656,0.22849779806213477,garch_1_1
2022-12-06,2.688,0.00298062813813772,1.8931853488291617,0.21842223053181853,garch_1_1
2022-12-07,2.671,-0.006344488533079411,1.7548411655047065,0.21029026932009623,garch_1_1
2022-12-08,2.677,0.002243830410391801,1.6101501368125302,0.2014343154670419,garch_1_1
2022-12-09,2.708,0.011513590511813112,1.5648030919989935,0.19857753628840963,garch_1_1
2022-12-12,2.676,-0.011887212784046593,1.5291603864931176,0.1963029335991354,garch_1_1
2022-12-13,2.679,0.0011204482964895061,1.4079715755283155,0.188363700598904,garch_1_1
2022-12-14,2.696,0.00632560248758915,1.3259867123742486,0.18279733354683012,garch_1_1
2022-12-15,2.682,-0.0052064081905738606,1.2445543258133447,0.1770953669933132,garch_1_1
2022-12-16,2.693,0.004093028969975211,1.1662854004116914,0.17143626247201793,garch_1_1
2022-12-19,2.653,-0.014964738673859213,1.2296711961102493,0.1760332756667849,garch_1_1
2022-12-20,2.607,-0.01749094020423785,1.3384920071339277,0.1836572856702804,garch_1_1
2022-12-21,2.612,0.0019160764628200079,1.2408616610802077,0.17683244571972995,garch_1_1
2022-12-22,2.629,0.006487334333559536,1.1794688653741847,0.1724024808621658,garch_1_1
2022-12-23,2.622,-0.0026661604062361423,1.1021447695747955,0.16665547753759805,garch_1_1
2022-12-26,2.612,-0.0038211739273233476,1.038500863190814,0.16177212909648098,garch_1_1
2022-12-27,2.642,0.01141999468594884,1.057608974520845,0.16325362525201484,garch_1_1
2022-12-28,2.649,0.0026460041897990415,0.9945142539558347,0.15830906227909708,garch_1_1
2022-12-29,2.635,-0.005299028296607136,0.9518842595612278,0.1548789312364433,garch_1_1
2022-12-30,2.649,0.0052990282966070565,0.9146878719714052,0.1518227070423901,garch_1_1
2023-01-03,2.651,0.0007547170169557742,0.8638149778276295,0.14754029090813214,garch_1_1
2023-01-04,2.66,0.003389195486719247,0.8259703158383059,0.14427214547210876,garch_1_1
2023-01-05,2.71,0.01862251209800185,1.0094203312112162,0.15949104158705169,garch_1_1
2023-01-06,2.725,0.005519793223597901,0.9671476001375859,0.15611572477962354,garch_1_1
2023-01-09,2.75,0.009132483563272474,0.9640502656496138,0.15586554043267636,garch_1_1
2023-01-10,2.742,-0.0029133305383572295,0.9124154233978207,0.1516339957582899,garch_1_1
2023-01-11,2.748,0.002185793219980447,0.8645880106107365,0.14760629345454943,garch_1_1
2023-01-12,2.754,0.002181025946360146,0.8222557947327955,0.14394737242223787,garch_1_1
2023-01-13,2.799,0.016207810226853303,0.9517899688799951,0.15487126013491295,garch_1_1
2023-01-16,2.847,0.01700359776258416,1.0834830090684382,0.16523853009672002,garch_1_1
2023-01-17,2.838,-0.0031662295580495493,1.0190704552140415,0.1602516005267774,garch_1_1
2023-01-18,2.819,-0.006717366605875421,0.9845302205506066,0.15751241715457,garch_1_1
2023-01-19,2.829,0.003541080187454701,0.9334674825833412,0.153373337190987,garch_1_1
2023-01-20,2.848,0.006693701230298981,0.9092448692938873,0.15137030985700584,garch_1_1
2023-01-30,2.849,0.00035106196604211014,0.8586912008382696,0.1471020674943911,garch_1_1
2023-01-31,2.819,-0.010585843383795784,0.8855886588297424,0.14938819967624453,garch_1_1
2023-02-01,2.83,0.003894499523170786,0.8476339123229991,0.1461518887682933,garch_1_1
2023-02-02,2.824,-0.0021223920241507173,0.8068792905204863,0.1425950844914237,garch_1_1
2023-02-03,2.783,-0.014624837087241853,0.9051946227191845,0.15103279277204487,garch_1_1
2023-02-06,2.739,-0.01593659226281264,1.0179674449210083,0.16016485136261766,garch_1_1
2023-02-07,2.747,0.002916516832195721,0.9604222096380458,0.15557197589179986,garch_1_1
2023-02-08,2.74,-0.002551486713157829,0.9079482396944635,0.15126234045624337,garch_1_1
2023-02-09,2.769,0.010528323788845833,0.9294319286575058,0.15304144733427327,garch_1_1
2023-02-10,2.757,-0.0043431121471651365,0.8884029784380069,0.14962538239429088,garch_1_1
2023-02-13,2.775,0.0065076151567379946,0.8677779744909144,0.14787834512588732,garch_1_1
2023-02-14,2.786,0.0039561281592160845,0.8321896734822617,0.14481429408643676,garch_1_1
2023-02-15,2.76,-0.009376195628555446,0.8466311895038824,0.14606541676761764,garch_1_1
2023-02-16,2.75,-0.0036297680505786127,0.8115078092519266,0.14300348524825732,garch_1_1
2023-02-17,2.721,-0.010601451877370662,0.8440523823336303,0.14584279219353793,garch_1_1
2023-02-20,2.798,0.027905416442180205,1.3043437524104293,0.1812993727533077,garch_1_1
2023-02-21,2.812,0.004991097705128897,1.2244922876562205,0.1756621918596508,garch_1_1
2023-02-22,2.775,-0.013245226750020567,1.2499847428189697,0.1774813103372804,garch_1_1
2023-02-23,2.774,-0.0003604253057579828,1.1601531525019255,0.17098496847105749,garch_1_1
2023-02-24,2.736,-0.01379332213233576,1.2025838678922363,0.17408363929698953,garch_1_1
2023-02-27,2.733,-0.0010970928143730994,1.1188678652125763,0.16791506842257167,garch_1_1
2023-02-28,2.746,0.004745400399848254,1.0588254089176108,0.16334748331310095,garch_1_1
2023-03-01,2.777,0.011225900978883263,1.0727490764118797,0.16441799392274364,garch_1_1
2023-03-02,2.776,-0.0003601656801045355,1.003331725870827,0.15900930630609278,garch_1_1
2023-03-03,2.779,0.0010801081158086443,0.9426496542094235,0.15412582939299133,garch_1_1
2023-03-06,2.749,-0.010853941577257883,0.9635692285079812,0.15582664906363458,garch_1_1
2023-03-07,2.718,-0.011340893454156686,0.9890232583073462,0.15787142271274154,garch_1_1
2023-03-08,2.697,-0.007756271571358985,0.9675871575797942,0.15615119714882372,garch_1_1
2023-03-09,2.678,-0.007069796888612161,0.9420921877403157,0.15408024899725453,garch_1_1
2023-03-10,2.642,-0.013534041168847155,1.0050842214883486,0.1591481146024243,garch_1_1
2023-03-13,2.669,0.01016766432225347,1.010549434693766,0.15958021730240532,garch_1_1
2023-03-14,2.651,-0.006766943115498715,0.9774192206712206,0.1569425511482299,garch_1_1
2023-03-15,2.652,0.00037714501672778746,0.9190266322435756,0.15218236143698816,garch_1_1
2023-03-16,2.627,-0.009471561620213452,0.9246202392319887,0.15264478382390312,garch_1_1
2023-03-17,2.637,0.0037993966677468778,0.881693310692983,0.14905928830322238,garch_1_1
2023-03-20,2.62,-0.006467589598144124,0.8608655077376356,0.14728818959776924,garch_1_1
2023-03-21,2.647,0.010252605471958534,0.8840645947486466,0.14925959864499802,garch_1_1
2023-03-22,2.656,0.0033943083692233567,0.8439101562803396,0.1458305041418446,garch_1_1
2023-03-23,2.673,0.006380205542594554,0.8273449714769946,0.14439215103744477,garch_1_1
2023-03-24,2.66,-0.00487531436317422,0.8012113716192562,0.14209337269839595,garch_1_1
2023-03-27,2.643,-0.006411487171455707,0.789190561227336,0.1410234099110104,garch_1_1
2023-03-28,2.644,0.0003782863672879361,0.7524791268719582,0.1377042991237868,garch_1_1
2023-03-29,2.64,-0.0015140048312150718,0.7212883163270588,0.13482012302116433,garch_1_1
2023-03-30,2.672,0.012048338516174574,0.7864718367921599,0.14078029083349142,garch_1_1
2023-03-31,2.669,-0.0011233852520121954,0.7507207660124722,0.13754331428140845,garch_1_1
2023-04-03,2.672,0.0011233852520123374,0.7191985330955336,0.13462467468487138,garch_1_1
2023-04-04,2.682,0.0037355291850874484,0.6996190556166952,0.13277951725149748,garch_1_1
2023-04-06,2.67,-0.004484312447328576,0.6858570310154747,0.13146709543300164,garch_1_1
2023-04-07,2.689,0.007090904874569495,0.6937043419586475,0.13221705418499505,garch_1_1
2023-04-10,2.69,0.0003718163270200435,0.6679877469029336,0.1297431740861689,garch_1_1
2023-04-11,2.684,-0.0022329745043123414,0.6482301740919577,0.1278100167714461,garch_1_1
2023-04-12,2.669,-0.005604348687048306,0.6476170745344919,0.12774956077524963,garch_1_1
2023-04-13,2.673,0.0014975667343948892,0.6286212927866484,0.12586205376611148,garch_1_1
2023-04-14,2.684,0.004106781952653502,0.6213701138826586,0.1251340356171853,garch_1_1
2023-04-17,2.738,0.01991950775682168,0.8606794439388858,0.14727227161709677,garch_1_1
2023-04-18,2.748,0.003645647493845855,0.8243717508706896,0.14413246727209444,garch_1_1
2023-04-19,2.724,-0.008771986072836994,0.8326739922290594,0.14485642755560518,garch_1_1
2023-04-20,2.706,-0.0066298585386696885,0.8188545537619933,0.14364934651714303,garch_1_1
2023-04-21,2.659,-0.017521417487713617,0.9756804900777296,0.1568028964973504,garch_1_1
2023-04-24,2.623,-0.013631411376145985,1.0365043131143403,0.16161654831879493,garch_1_1
2023-04-25,2.622,-0.0003813155432285959,0.9712707708517924,0.15644814931939963,garch_1_1
2023-04-26,2.619,-0.0011448198159330848,0.9142644872894059,0.15178756562937898,garch_1_1
2023-04-27,2.656,0.014028666088612599,0.9906126523743093,0.15799822416670573,garch_1_1
2023-04-28,2.68,0.008995562908578003,0.9832055330060311,0.15740641483672763,garch_1_1
2023-05-04,2.695,0.0055814098381950445,0.9443963195807776,0.1542685556211492,garch_1_1
2023-05-05,2.687,-0.0029728747276062885,0.8952482852139639,0.1502007216606894,garch_1_1
2023-05-08,2.724,0.013676058653911978,0.9674711176846029,0.15614183349010602,garch_1_1
2023-05-09,2.706,-0.0066298585386696885,0.9381254850463867,0.15375552745566237,garch_1_1
2023-05-10,2.674,-0.011896051068844875,0.974799807571074,0.15673211269803985,garch_1_1
2023-05-11,2.668,-0.0022463506263740813,0.9197409956529035,0.1522414959544643,garch_1_1
2023-05-12,2.631,-0.013965125995221733,0.9929290599570646,0.15818284455312476,garch_1_1
2023-05-15,2.68,0.01845279246460978,1.1530831942429902,0.17046318222690598,garch_1_1
2023-05-16,2.674,-0.0022413158430139818,1.0774750377770532,0.16477976499552893,garch_1_1
2023-05-17,2.649,-0.009393268389818773,1.0638698666484212,0.16373613113647278,garch_1_1
2023-05-18,2.645,-0.0015111449796699388,0.996807030584173,0.15849144194788928,garch_1_1
2023-05-19,2.634,-0.004167461989173401,0.9470625725206211,0.15448617034388434,garch_1_1
2023-05-22,2.659,0.00944650893979336,0.9500556777469026,0.1547300975221755,garch_1_1
2023-05-23,2.617,-0.01592148871287383,1.0573518405489641,0.16323377831145702,garch_1_1
2023-05-24,2.577,-0.015402691877780846,1.1418377047405033,0.16962992117978679,garch_1_1
2023-05-25,2.565,-0.0046674530474951695,1.078211630773248,0.16483607947135193,garch_1_1
2023-05-26,2.563,-0.0007800312407986661,1.0084530053911296,0.15941460327039195,garch_1_1
2023-05-29,2.552,-0.004301081899390697,0.9580900904449565,0.15538297937423168,garch_1_1
2023-05-30,2.541,-0.004319661144516507,0.913630419573988,0.15173492206234035,garch_1_1
2023-05-31,2.5,-0.016266972463871956,1.0322747662579665,0.16128646598428759,garch_1_1
2023-06-01,2.505,0.001998002662673058,0.9701259024732783,0.15635591687661396,garch_1_1
2023-06-02,2.548,0.017020003173088803,1.1000676509710154,0.16649836276813532,garch_1_1
2023-06-05,2.536,-0.0047207011349374535,1.0415724014795598,0.16201118639552303,garch_1_1
2023-06-06,2.523,-0.005139366916058765,0.9924555405891109,0.1581451220330415,garch_1_1
2023-06-07,2.522,-0.0003964321161929658,0.9323024547103543,0.1532775973803769,garch_1_1
2023-06-08,2.547,0.009863958454592325,0.9422134911634459,0.15409016833438413,garch_1_1
2023-06-09,2.555,0.0031360276583478975,0.8942611640077118,0.15011789144866888,garch_1_1
2023-06-12,2.555,0.0,0.8453365513086247,0.14595369503022984,garch_1_1
2023-06-13,2.564,0.003516315402755883,0.8101925052941702,0.1428875471600415,garch_1_1
2023-06-14,2.563,-0.0003900916764895406,0.7710299270321065,0.1393913704689393,garch_1_1
2023-06-15,2.602,0.01510193270837936,0.8840863702146903,0.14926143684626045,garch_1_1
2023-06-16,2.625,0.008800515953273668,0.8867016381347221,0.1494820433396433,garch_1_1
2023-06-19,2.593,-0.012265389487059741,0.9350341755967203,0.15350199094812209,garch_1_1
2023-06-20,2.581,-0.004638585820050561,0.8950563601639624,0.1501846206378398,garch_1_1
2023-06-21,2.554,-0.010516163126129307,0.9168206516966763,0.15199960665329448,garch_1_1
2023-06-26,2.526,-0.011023733682048172,0.9431018042828115,0.154162788856218,garch_1_1
2023-06-27,2.541,0.005920680409727796,0.9114444922879066,0.1515532949350005,garch_1_1
2023-06-28,2.55,0.003535654832307797,0.8687748888011434,0.14796326300061383,garch_1_1
2023-06-29,2.535,-0.00589972212718816,0.8449352051386425,0.14591904320373605,garch_1_1
2023-06-30,2.542,0.002757535724115658,0.8067307224943724,0.14258195610545601,garch_1_1
2023-07-03,2.58,0.014838226166263917,0.9105716892596056,0.151480713522686,garch_1_1
2023-07-04,2.584,0.0015491869868293187,0.8613922331691463,0.14733324226345693,garch_1_1
2023-07-05,2.569,-0.005821867792608959,0.8378183827904937,0.1453032114108991,garch_1_1
2023-07-06,2.55,-0.007423358957411825,0.8305566862100675,0.14467214138352175,garch_1_1
2023-07-07,2.539,-0.004323056447793246,0.8008053115452416,0.14205736112901748,garch_1_1
2023-07-10,2.552,0.005107062760002036,0.779713101322383,0.14017407090230366,garch_1_1
2023-07-11,2.569,0.006639352645203098,0.7727303433599436,0.13954499149976893,garch_1_1
2023-07-12,2.568,-0.0003893323000316943,0.7378823854239295,0.13636215058689496,garch_1_1
2023-07-13,2.609,0.015839620326876518,0.869509218965186,0.14802578261209323,garch_1_1
2023-07-14,2.609,0.0,0.8234355832698379,0.14405060464433989,garch_1_1
2023-07-17,2.584,-0.009628420234235952,0.841963397573836,0.14566220381025638,garch_1_1
2023-07-18,2.581,-0.0011616651838786164,0.7998752058029641,0.14197483997608415,garch_1_1
2023-07-19,2.59,0.003480954974969508,0.7698062174977405,0.13928071180512777,garch_1_1
2023-07-20,2.576,-0.005420067469339145,0.7538890374620197,0.13783324614926146,garch_1_1
2023-07-21,2.586,0.0038744721075584933,0.7310024053077367,0.13572494469976756,garch_1_1
2023-07-24,2.573,-0.005039747050058566,0.7170087409455124,0.13441956803913227,garch_1_1
2023-07-25,2.655,0.03137212139429497,1.3245938258255852,0.1827012983281858,garch_1_1
2023-07-26,2.652,-0.0011305823702859154,1.2268709246935725,0.1758327253450791,garch_1_1
2023-07-27,2.653,0.00037700283198652506,1.1397459293594563,0.16947447424275522,garch_1_1
2023-07-28,2.727,0.02751102870784873,1.5518684524747148,0.19775511371988036,garch_1_1
2023-07-31,2.731,0.0014657386281163778,1.4286568644634943,0.1897423331375475,garch_1_1
2023-08-01,2.723,-0.0029336287999454096,1.3235832490874644,0.18263159057787373,garch_1_1
2023-08-02,2.698,-0.009223455906058355,1.2796010431944216,0.17957156313987865,garch_1_1
2023-08-03,2.723,0.009223455906058477,1.2415958223087964,0.17688474982932154,garch_1_1
2023-08-04,2.725,0.000734214423584954,1.1530483428173146,0.1704606061205824,garch_1_1
2023-08-07,2.714,-0.004044866702530077,1.0846646584137054,0.16532861032508975,garch_1_1
2023-08-08,2.709,-0.001843998309719257,1.015910208556514,0.16000292889701787,garch_1_1
2023-08-09,2.709,0.0,0.9529738231284711,0.15496754609542435,garch_1_1
2023-08-10,2.706,-0.001108033354361844,0.8980234030259457,0.15043333990925628,garch_1_1
2023-08-11,2.642,-0.02393532364846275,1.2168457091279792,0.17511285466813986,garch_1_1
2023-08-14,2.622,-0.0075988207586254715,1.1676176212779308,0.17153414836761763,garch_1_1
2023-08-15,2.623,0.00038131554322868585,1.0873198577762309,0.16553084430389708,garch_1_1
2023-08-16,2.604,-0.00726997653841391,1.0498746581279728,0.1626555913112885,garch_1_1
2023-08-17,2.61,0.0023014969882791674,0.9865548769768309,0.15767429371909722,garch_1_1
2023-08-18,2.58,-0.011560822401075858,1.012597828755093,0.15974187079356603,garch_1_1
2023-08-21,2.547,-0.012873202936206033,1.0562504934885777,0.16314874328634027,garch_1_1
2023-08-22,2.567,0.00782170589168331,1.028497561629116,0.16099111327353982,garch_1_1
2023-08-23,2.535,-0.01254426484585687,1.0649447160871846,0.16381882323285396,garch_1_1
2023-08-24,2.553,0.0070755012162002804,1.028986523822067,0.1610293774449746,garch_1_1
2023-08-25,2.563,0.003909309122587426,0.974590176296863,0.15671525912520756,garch_1_1
2023-08-28,2.596,0.012793351459909542,1.022566848350858,0.16052627379479542,garch_1_1
2023-08-29,2.606,0.003844679860809683,0.9685836460517663,0.15623158413235305,garch_1_1
2023-08-30,2.599,-0.002689723043300036,0.9156299182575067,0.15190086879306902,garch_1_1
2023-08-31,2.59,-0.003468879947906933,0.8718307445639201,0.14822325985826512,garch_1_1
2023-09-01,2.61,0.007692345623155645,0.8640193498550877,0.14755774332900395,garch_1_1
2023-09-04,2.658,0.018223738956451654,1.0335939858627332,0.16138949297813932,garch_1_1
2023-09-05,2.641,-0.006416326976058438,0.9948466836756173,0.1583355185314576,garch_1_1
2023-09-06,2.637,-0.0015157259438455131,0.9357427851058739,0.153560145170119,garch_1_1
2023-09-07,2.611,-0.009908617654157754,0.9448503675627494,0.15430563587432988,garch_1_1
2023-09-08,2.596,-0.005761490875148268,0.911215730131353,0.1515342746685056,garch_1_1
2023-09-11,2.613,0.0065271876966319165,0.8881285606081124,0.14960227179867436,garch_1_1
2023-09-12,2.609,-0.0015319803838840997,0.8413477983815724,0.14560894381601572,garch_1_1
2023-09-13,2.601,-0.0030710196880768897,0.8044466814735104,0.14237997181181228,garch_1_1
2023-09-14,2.608,0.002687657597892045,0.770656976901195,0.13935765432121092,garch_1_1
2023-09-15,2.596,-0.0046118452225629315,0.7494542861173691,0.1374272462438133,garch_1_1
2023-09-18,2.61,0.005378422492758386,0.7361246467793948,0.13619963692624423,garch_1_1
2023-09-19,2.609,-0.0003832151800105765,0.7054902592116787,0.13333549614462875,garch_1_1
2023-09-20,2.597,-0.004610073473980045,0.6917831506778385,0.13203384186291606,garch_1_1
2023-09-21,2.572,-0.009673126305238384,0.7260290696358245,0.13526245803926076,garch_1_1
2023-09-22,2.634,0.02381979694571624,1.0634635386362437,0.1637048599572821,garch_1_1
2023-09-25,2.609,-0.009536597166497927,1.0532144229062983,0.16291409839924448,garch_1_1
2023-09-26,2.592,-0.006537227664563107,1.0132109284620556,0.15979022309654556,garch_1_1
2023-09-27,2.604,0.004618945856294458,0.9645685384338443,0.15590743140893853,garch_1_1
2023-09-28,2.583,-0.008097210232619362,0.9494171183704798,0.1546780895373876,garch_1_1
2023-10-09,2.575,-0.0031019799980040205,0.9001900571048509,0.1506147052549725,garch_1_1
2023-10-10,2.559,-0.00623297693804777,0.8753222560628505,0.14851976586563767,garch_1_1
2023-10-11,2.567,0.0031213447113517066,0.8350146307576922,0.145059879687989,garch_1_1
2023-10-12,2.591,0.009305999690969506,0.8492079112990136,0.14628752292911087,garch_1_1
2023-10-13,2.566,-0.009695635386528411,0.865601311952939,0.14769276577142856,garch_1_1
2023-10-16,2.543,-0.009003779753461942,0.8717996689800379,0.14822061819563753,garch_1_1
2023-10-17,2.553,0.003924651819364008,0.8355866578182272,0.14510955784171944,garch_1_1
2023-10-18,2.543,-0.003924651819364112,0.8031570814620737,0.14226580211999038,garch_1_1
2023-10-19,2.474,-0.02750821246968643,1.251231451804152,0.17756979637726858,garch_1_1
2023-10-20,2.46,-0.005674924026024768,1.1816732362075055,0.1725635116484048,garch_1_1
2023-10-23,2.441,-0.007753558533448501,1.1380203424272468,0.16934613260764658,garch_1_1
2023-10-24,2.449,0.003271986559207745,1.0680830180754148,0.16406002576953488,garch_1_1
2023-10-25,2.461,0.0048879934388881,1.014782729715784,0.15991411691541732,garch_1_1
2023-10-26,2.47,0.003650379230967262,0.960747612934352,0.1555983285448326,garch_1_1
2023-10-27,2.494,0.009669696617958927,0.9649261881719355,0.15593633297577822,garch_1_1
2023-10-30,2.492,-0.0008022463326380951,0.9082375648518677,0.15128643902963368,garch_1_1
2023-10-31,2.488,-0.0016064260482736878,0.8592875657869747,0.14715314015620518,garch_1_1
2023-11-01,2.497,0.0036108364207032037,0.8229756115331952,0.14401036563607678,garch_1_1
2023-11-02,2.493,-0.001603206756215359,0.7838397467227606,0.14054451827593123,garch_1_1
2023-11-03,2.513,0.007990454020034385,0.789192246472543,0.14102356048231118,garch_1_1
2023-11-06,2.533,0.007927112458082987,0.7932750676519714,0.14138787679581896,garch_1_1
2023-11-07,2.522,-0.0043521334768104394,0.7679790569438983,0.13911531991476078,garch_1_1
2023-11-08,2.514,-0.0031771273746721246,0.7399508905690981,0.1365531487822279,garch_1_1
2023-11-09,2.514,0.0,0.7088000342458571,0.13364789883494466,garch_1_1
2023-11-10,2.49,-0.009592399691439296,0.7400872009952898,0.13656572580659213,garch_1_1
2023-11-13,2.484,-0.0024125464053839896,0.7125540370944996,0.13400134974984915,garch_1_1
2023-11-14,2.482,-0.0008054772888167575,0.6849373167227722,0.13137891909059785,garch_1_1
2023-11-15,2.503,0.008425325667221728,0.7063055967443141,0.13341252204331014,garch_1_1
2023-11-16,2.478,-0.010038229242686408,0.7435006312028825,0.1368802977287551,garch_1_1
2023-11-17,2.474,-0.0016155092366545647,0.7135437710006103,0.13409438105012222,garch_1_1
2023-11-20,2.48,0.0024222862065944955,0.6893370667672809,0.1318002051687913,garch_1_1
2023-11-21,2.492,0.004827040748315944,0.6792766826292123,0.13083490513718482,garch_1_1
2023-11-22,2.471,-0.008462673918733654,0.7008695770698612,0.13289813144721224,garch_1_1
2023-11-23,2.48,0.0036356331704176445,0.6829215882125161,0.1311854565984942,garch_1_1
2023-11-24,2.467,-0.005255722629671166,0.675888888795614,0.13050823727891459,garch_1_1
2023-11-27,2.407,-0.024621678746284723,1.0417501304673347,0.16202500821717872,garch_1_1
2023-11-28,2.406,-0.00041554124844769255,0.9759282580606571,0.15682280479295274,garch_1_1
2023-11-29,2.395,-0.004582386689608644,0.9309088554639977,0.15316299539279304,garch_1_1
2023-11-30,2.401,0.0025020863762375907,0.8819229151258006,0.14907869553081746,garch_1_1
2023-12-01,2.385,-0.0066861928988116315,0.8629117488040028,0.14746313461289526,garch_1_1
2023-12-04,2.367,-0.007575793808457544,0.854226314880658,0.14671913009213414,garch_1_1
2023-12-05,2.319,-0.020487272258452267,1.0795102292848726,0.16493531392027236,garch_1_1
2023-12-06,2.317,-0.0008628128231553846,1.009685621226222,0.159511998466889,garch_1_1
2023-12-07,2.307,-0.004325266258622695,0.9593140409336357,0.15548219779617092,garch_1_1
2023-12-08,2.314,0.0030296495798682035,0.9089639156061503,0.15134692158506227,garch_1_1
2023-12-11,2.324,0.004312210218179906,0.8705475253713243,0.14811413720289288,garch_1_1
2023-12-12,2.337,0.005578216567056271,0.8446913467039192,0.14589798469114906,garch_1_1
2023-12-13,2.291,-0.019879652085362506,1.055289885276485,0.16307453850606912,garch_1_1
2023-12-14,2.28,-0.0048129605050091125,1.002514749119342,0.15894455535754415,garch_1_1
2023-12-15,2.281,0.0004385003359016334,0.9412669039100207,0.15401274615606503,garch_1_1
2023-12-18,2.283,0.0008764242454073986,0.8874665877960394,0.1495465078577905,garch_1_1
2023-12-19,2.286,0.0013131978249603929,0.8405012614414886,0.14553567187574842,garch_1_1
2023-12-20,2.273,-0.005703020502212688,0.8184564631969947,0.1436144243193011,garch_1_1
2023-12-21,2.299,0.011373700910638345,0.8622271116691018,0.147404624127133,garch_1_1
2023-12-22,2.307,0.003473733410572176,0.8249435728919094,0.14418244704843972,garch_1_1
2023-12-25,2.308,0.000433369454236544,0.7841455823803221,0.14057193416889488,garch_1_1
2023-12-26,2.299,-0.003907102864808599,0.7575533451516332,0.13816781209030254,garch_1_1
2023-12-27,2.302,0.0013040645186464825,0.7255358151623663,0.13521650247692266,garch_1_1
2023-12-28,2.354,0.022337698538394058,1.018848348070577,0.16023413609895534,garch_1_1
2023-12-29,2.355,0.00042471863029600087,0.9557108166000339,0.15518992421649302,garch_1_1
2024-01-02,2.327,-0.011960843148226388,0.9913530013363416,0.15805725428994333,garch_1_1
2024-01-03,2.332,0.0021463841680912496,0.9343213872099291,0.15344347153818638,garch_1_1
2024-01-04,2.314,-0.007748639716760969,0.9191100399153345,0.1521892670521362,garch_1_1
2024-01-05,2.303,-0.00476500793293669,0.8817266162435197,0.14906210359892516,garch_1_1
2024-01-08,2.278,-0.010914755813557681,0.910513936811165,0.15147590966104596,garch_1_1
2024-01-09,2.28,0.0008775779413589422,0.8602571686839696,0.14723613907881458,garch_1_1
2024-01-10,2.27,-0.0043956114730379975,0.8274890933541902,0.1444047269050622,garch_1_1
2024-01-11,2.275,0.0022002209096023376,0.7894851705812992,0.14104972987797154,garch_1_1
2024-01-12,2.272,-0.0013195515440089063,0.7536862961513872,0.13781471134467088,garch_1_1
2024-01-15,2.272,0.0,0.7209533691914808,0.13478881594414766,garch_1_1
2024-01-16,2.284,0.005267790934858805,0.7101416961397926,0.13377432766686878,garch_1_1
2024-01-17,2.234,-0.02213459114675472,0.9972074516371567,0.15852327204942607,garch_1_1
2024-01-18,2.274,0.017746694681335343,1.1403545253294203,0.16951971578049968,garch_1_1
2024-01-19,2.282,0.0035118561115396493,1.0712093109542078,0.1642999532441992,garch_1_1
2024-01-22,2.261,-0.00924505814405105,1.0565521775271256,0.163172040722924,garch_1_1
2024-01-23,2.258,-0.0013277275683626134,0.9900055583801077,0.1579498023777767,garch_1_1
2024-01-24,2.295,0.01625337778503826,1.1011739013816517,0.16658205880231408,garch_1_1
2024-01-25,2.347,0.022405073356377977,1.3531665834225808,0.18466130591504284,garch_1_1
2024-01-26,2.35,0.0012774112871811244,1.252499489891143,0.17765975105593504,garch_1_1
2024-01-29,2.342,-0.0034100629805419547,1.1696410762835168,0.1716827164345457,garch_1_1
2024-01-30,2.306,-0.015490843328658292,1.2429446791489847,0.1769808066275957,garch_1_1
2024-01-31,2.292,-0.006089622994374211,1.1774659151018931,0.17225603345185825,garch_1_1
2024-02-01,2.283,-0.003934431304834562,1.1057070923738928,0.16692458994354936,garch_1_1
2024-02-02,2.268,-0.006591981682152949,1.060118163820115,0.1634471710622943,garch_1_1
2024-02-05,2.289,0.009216655104924268,1.0473122172352645,0.1624569723783152,garch_1_1
2024-02-06,2.351,0.02672572858750279,1.4425824706263675,0.19066483225751008,garch_1_1
2024-02-07,2.38,0.012259718125450781,1.428009111615004,0.1896993136853639,garch_1_1
2024-02-08,2.385,0.0020986366569212054,1.3205495636735143,0.18242217245875722,garch_1_1
2024-02-19,2.403,0.007518832414027319,1.2593436497452248,0.1781444918418183,garch_1_1
2024-02-20,2.402,-0.00041623309653998907,1.1684592708985644,0.17159596040304625,garch_1_1
2024-02-21,2.444,0.017334317651557105,1.2825338919866174,0.17977723459343445,garch_1_1
2024-02-22,2.466,0.008961363432803657,1.2411050930232204,0.176849790342497,garch_1_1
2024-02-23,2.467,0.000405432805067109,1.1523563242994148,0.17040944625326745,garch_1_1
2024-02-26,2.426,-0.01675902702536119,1.2539566096158705,0.1777630629864369,garch_1_1
2024-02-27,2.438,0.004934220537221478,1.1795420623510569,0.17240783036523205,garch_1_1
2024-02-28,2.424,-0.005758962852011855,1.1188565285572265,0.16791421774120888,garch_1_1
2024-02-29,2.444,0.008216973102280804,1.0879993037348328,0.16558255480006878,garch_1_1
2024-03-01,2.448,0.001635323340730838,1.0185644943219878,0.16021181372456306,garch_1_1
2024-03-04,2.451,0.0012247398958958697,0.9563499473145608,0.15524180710210422,garch_1_1
2024-03-05,2.481,0.012165600163688372,0.9962950130273501,0.1584507315486086,garch_1_1
2024-03-06,2.468,-0.005253598666522574,0.9531530689060067,0.15498211940876072,garch_1_1
2024-03-07,2.46,-0.003246756098869981,0.9040811388660457,0.1509398711388888,garch_1_1
2024-03-08,2.46,0.0,0.8540254424298903,0.14670187847888397,garch_1_1
2024-03-11,2.479,0.0076939031087820955,0.8482804239321654,0.1462076149969302,garch_1_1
2024-03-12,2.485,0.0024174064955384002,0.8085390238754271,0.14274166666275395,garch_1_1
2024-03-13,2.465,-0.008080852053938672,0.8111895714168399,0.1429754426455969,garch_1_1
2024-03-14,2.459,-0.002437044260597777,0.7755420850049968,0.1397986428479401,garch_1_1
2024-03-15,2.461,0.0008130081748631252,0.7407580689071498,0.1366276082512615,garch_1_1
2024-03-18,2.471,0.004055155597554334,0.7203165409813039,0.1347292723676962,garch_1_1
2024-03-19,2.454,-0.006903580717753304,0.7218134514548807,0.13486919209613066,garch_1_1
2024-03-20,2.46,0.0024420036555515873,0.6967170395729656,0.13250384672619409,garch_1_1
2024-03-21,2.46,0.0,0.6705459420024728,0.12999137563108681,garch_1_1
2024-03-22,2.438,-0.008983318885191625,0.6989748861496712,0.13271837525742888,garch_1_1
2024-03-25,2.437,-0.00041025641601073493,0.6726319780364132,0.130193417062913,garch_1_1
2024-03-26,2.446,0.0036862626219114863,0.6581779525606102,0.1287869729612719,garch_1_1
2024-03-27,2.433,-0.0053289734635952254,0.6544915345452511,0.12842580219932567,garch_1_1
2024-03-28,2.438,0.0020529672576943417,0.6360027443646535,0.12659885132965965,garch_1_1
2024-03-29,2.449,0.004501746910950843,0.6301129673364397,0.12601129622727592,garch_1_1
2024-04-01,2.475,0.01056061805062314,0.6840389469862587,0.13129273195441443,garch_1_1
2024-04-02,2.471,-0.001617469014180614,0.6609349869529836,0.1290564282444512,garch_1_1
2024-04-03,2.463,-0.003242807868072169,0.6455049776373961,0.12754107352716762,garch_1_1
2024-04-08,2.45,-0.0052920945817651905,0.6430275447062967,0.12729608841829618,garch_1_1
2024-04-09,2.437,-0.00532024991356662,0.6410267165981005,0.12709788848864537,garch_1_1
2024-04-10,2.431,-0.0024650793090827843,0.6250661383307563,0.12550564404015882,garch_1_1
2024-04-11,2.429,-0.0008230453139509004,0.6075440215951083,0.12373402662241592,garch_1_1
2024-04-12,2.408,-0.00868312257346077,0.6398252437254474,0.1269787231857419,garch_1_1
2024-04-15,2.458,0.020551483697268634,0.8935300015237485,0.1500565094835891,garch_1_1
2024-04-16,2.448,-0.004076646493763487,0.8552029764957698,0.1468029802411838,garch_1_1
2024-04-17,2.473,0.010160623889199468,0.8778391813891355,0.14873314146822225,garch_1_1
2024-04-18,2.48,0.0028265716376116193,0.836096708180529,0.1451538392401294,garch_1_1
2024-04-19,2.464,-0.006472514505617479,0.8205616545658552,0.14379900449954286,garch_1_1
2024-04-22,2.46,-0.001624695727001922,0.7817474935795385,0.14035681970679006,garch_1_1
2024-04-23,2.447,-0.0052985654837367935,0.7636212477013674,0.13872006142614865,garch_1_1
2024-04-24,2.457,0.004078309078507375,0.7406688511942552,0.1366193802141381,garch_1_1
2024-04-25,2.466,0.0036563112031107003,0.7182349395203743,0.13453445832170072,garch_1_1
2024-04-26,2.496,0.012092045765028552,0.7844525672627507,0.14059944770524996,garch_1_1
2024-04-29,2.511,0.005991629668266761,0.7716171871371071,0.1394444445499895,garch_1_1
2024-04-30,2.5,-0.004390348301292961,0.7490292832632665,0.13738827438407658,garch_1_1
2024-05-06,2.53,0.011928570865273812,0.8091602028426652,0.14279648844294163,garch_1_1
2024-05-07,2.535,0.0019743343037178294,0.7726483218754633,0.1395375852996664,garch_1_1
2024-05-08,2.52,-0.005934735519814578,0.7601461041627653,0.13840405277628862,garch_1_1
2024-05-09,2.536,0.00632913505164753,0.752808030405486,0.13773439064452367,garch_1_1
2024-05-10,2.543,0.0027564498650031874,0.7252110204498406,0.1351862334534696,garch_1_1
2024-05-13,2.54,-0.0011804054095374034,0.6965979657963157,0.13249252332893036,garch_1_1
2024-05-14,2.531,-0.0035495994674581404,0.6783885849794965,0.13074934929659615,garch_1_1
2024-05-15,2.513,-0.007137223001531921,0.6868183342273028,0.1315591958873572,garch_1_1
2024-05-16,2.523,0.0039714110974657605,0.6721521823599559,0.13014697459207758,garch_1_1
2024-05-17,2.561,0.014949137558467494,0.7936296566478701,0.14141947301388988,garch_1_1
2024-05-20,2.567,0.0023400946716153267,0.7599420829934307,0.1383854778921345,garch_1_1
2024-05-21,2.562,-0.001949698414461028,0.7288431192296577,0.13552433952832008,garch_1_1
2024-05-22,2.563,0.0003902439073916661,0.6990891355922836,0.1327292214130918,garch_1_1
2024-05-23,2.537,-0.01019616676478938,0.739167966711915,0.13648088789695156,garch_1_1
2024-05-24,2.508,-0.01149665784647055,0.7927547390656035,0.14134149930028764,garch_1_1
2024-05-27,2.531,0.009128858792312776,0.8097014569549815,0.142844239349249,garch_1_1
2024-05-28,2.524,-0.0027695368840202823,0.7753250680682107,0.13977908182313586,garch_1_1
2024-05-29,2.525,0.0003961180483564127,0.7402204716876473,0.13657802124254367,garch_1_1
2024-05-30,2.508,-0.006755439956648891,0.7381275527363081,0.13638480241198053,garch_1_1
2024-05-31,2.499,-0.0035949709178589233,0.7153414663700912,0.13426319284348298,garch_1_1
2024-06-03,2.502,0.0011997601919038732,0.6880124551369111,0.13167351240644476,garch_1_1
2024-06-04,2.516,0.005579926793474733,0.6831934073489445,0.1312115614768508,garch_1_1
2024-06-05,2.505,-0.004381604301366063,0.670741306038907,0.13001031079180012,garch_1_1
2024-06-06,2.506,0.000399121937048448,0.6476845585480886,0.12775621658225417,garch_1_1
2024-06-07,2.495,-0.004399127270394387,0.6394207700334976,0.12693858123062562,garch_1_1
2024-06-11,2.465,-0.012096921708828682,0.7135977983684936,0.13409945756372782,garch_1_1
2024-06-12,2.462,-0.0012177797323914817,0.6863783183408568,0.13151704688818705,garch_1_1
2024-06-13,2.452,-0.004070009688296868,0.6718768946439904,0.13012032026178139,garch_1_1
2024-06-14,2.469,0.006909192289077475,0.6796853160926518,0.1308742524927452,garch_1_1
2024-06-17,2.454,-0.006093864074322668,0.6791169613674635,0.13081952234456476,garch_1_1
2024-06-18,2.454,0.0,0.6549730749168114,0.12847303798036244,garch_1_1
2024-06-19,2.458,0.0016286648551232807,0.6354007250496188,0.126538919986107,garch_1_1
2024-06-20,2.451,-0.0028519065978676182,0.6213950953197173,0.12513655102349944,garch_1_1
2024-06-21,2.446,-0.002042067280994826,0.6064873997673955,0.12362638259747943,garch_1_1
2024-06-24,2.446,0.0,0.5907091269910505,0.1220076636944355,garch_1_1
2024-06-25,2.437,-0.003686262621911551,0.585327030711486,0.12145057090820713,garch_1_1
2024-06-26,2.441,0.0016400167677538648,0.5738011308358917,0.12024886068925755,garch_1_1
2024-06-27,2.434,-0.0028717968454874294,0.5669630786473586,0.11953020363871818,garch_1_1
2024-06-28,2.441,0.0028717968454874303,0.5611963028261571,0.11892075862194605,garch_1_1
2024-07-01,2.45,0.003680233145812683,0.5595487204850133,0.11874606417150142,garch_1_1
2024-07-02,2.462,0.0048860032056262095,0.564809758342449,0.11930300042425468,garch_1_1
2024-07-03,2.462,0.0,0.5538319970842276,0.11813791231659096,garch_1_1
2024-07-04,2.454,-0.0032546814735420373,0.550787470920028,0.1178127508684213,garch_1_1
2024-07-05,2.434,-0.008183351723384302,0.5841960838113893,0.12133318306237173,garch_1_1
2024-07-08,2.422,-0.004942349434434922,0.5864898444210632,0.12157114821951297,garch_1_1
2024-07-09,2.444,0.009042396178448304,0.6261773342369047,0.12561715178577326,garch_1_1
2024-07-10,2.44,-0.0016380020042383583,0.6097800691581596,0.12396151718491356,garch_1_1
2024-07-11,2.466,0.010599365437042145,0.6665785506133037,0.12960624782569416,garch_1_1
2024-07-12,2.481,0.006064299967511225,0.6678885652081916,0.129733541704705,garch_1_1
2024-07-15,2.491,0.004022531570379467,0.6556687747185795,0.12854125066650085,garch_1_1
2024-07-16,2.5,0.0036064955941115823,0.6427896144050567,0.12727253546231973,garch_1_1
2024-07-17,2.51,0.003992021269537457,0.6333016108040705,0.12632972964533162,garch_1_1
2024-07-18,2.522,0.004769484399035205,0.6293365489718918,0.12593363742103092,garch_1_1
2024-07-19,2.539,0.006718065179813764,0.6403562017461262,0.12703139881148431,garch_1_1
2024-07-22,2.515,-0.009497499170838827,0.6783635394756676,0.13074693569941448,garch_1_1
2024-07-23,2.483,-0.012805297025672957,0.7593930912773985,0.13833548315667402,garch_1_1
2024-07-24,2.474,-0.0036312325557333824,0.7343247477867634,0.13603302409424867,garch_1_1
2024-07-25,2.45,-0.00974824941366059,0.7646075819580731,0.13880962165982386,garch_1_1
2024-07-26,2.444,-0.0024519832472868677,0.734371850392157,0.13603738688273292,garch_1_1
2024-07-29,2.435,-0.0036892847747957325,0.7124566248574075,0.13399218987092743,garch_1_1
2024-07-30,2.422,-0.005353111403652583,0.7026833300494734,0.13306998127769737,garch_1_1
2024-07-31,2.463,0.016786474007500333,0.8583281311728341,0.14707096554233748,garch_1_1
2024-08-01,2.448,-0.006108754488321253,0.8372997630922924,0.14525823222773215,garch_1_1
2024-08-02,2.433,-0.006146300848694178,0.8189882876465042,0.14366107631746292,garch_1_1
2024-08-05,2.417,-0.006597962080039653,0.8064747479488754,0.1425593337818035,garch_1_1
2024-08-06,2.401,-0.006641784482229767,0.7957744451699051,0.1416104375329785,garch_1_1
2024-08-07,2.399,-0.000833333381558564,0.7586002934016096,0.13826325395317646,garch_1_1
2024-08-08,2.406,0.0029136336949295576,0.7309184896927462,0.13571715418567104,garch_1_1
2024-08-09,2.403,-0.0012476607981553632,0.701749999974878,0.13298157766911523,garch_1_1
2024-08-12,2.404,0.0004160599186292126,0.6751313495773731,0.13043507967318377,garch_1_1
2024-08-13,2.403,-0.00041605991862928525,0.6515375913985035,0.12813565976433838,garch_1_1
2024-08-14,2.39,-0.0054245908109125,0.6492742239145973,0.12791290178339265,garch_1_1
2024-08-15,2.422,0.0133002791874812,0.7432745981033412,0.13685948952193341,garch_1_1
2024-08-16,2.434,0.004942349434434839,0.7277335582645853,0.13542114188068105,garch_1_1
2024-08-19,2.445,0.004509128361499799,0.711321295602102,0.13388538624201288,garch_1_1
2024-08-20,2.438,-0.0028670918677554747,0.6886262282383518,0.13173223201482037,garch_1_1
2024-08-21,2.426,-0.004934220537221344,0.6788401617787287,0.13079285942597924,garch_1_1
2024-08-22,2.43,0.0016474468305987288,0.65655935324068,0.1286285182285217,garch_1_1
2024-08-23,2.445,0.006153865574378066,0.6597333611688321,0.12893905809123382,garch_1_1
2024-08-26,2.442,-0.0012277472383222926,0.6387333148285994,0.12687032566238923,garch_1_1
2024-08-27,2.444,0.0008186656208359037,0.6197134289596635,0.12496710931194463,garch_1_1
2024-08-28,2.427,-0.006980114564884564,0.6334792874559543,0.12634744969286105,garch_1_1
2024-08-29,2.407,-0.008274767943529491,0.6583287947593474,0.12880172991049288,garch_1_1
2024-08-30,2.429,0.00909849121910053,0.6904005856878253,0.1319018375889176,garch_1_1
2024-09-02,2.39,-0.016186284076616077,0.8330726866856522,0.1448911029169094,garch_1_1
2024-09-03,2.379,-0.004613134622598693,0.8046884385916357,0.1424013646441256,garch_1_1
2024-09-04,2.359,-0.0084424308952827,0.8116165322764584,0.14301306448491602,garch_1_1
2024-09-05,2.362,0.0012709173496327395,0.7733152332048028,0.13959779323743277,garch_1_1
2024-09-06,2.351,-0.00466794821723819,0.7521392476250859,0.1376731965204272,garch_1_1
2024-09-09,2.32,-0.013273583879713889,0.8325216719159035,0.14484317772087427,garch_1_1
2024-09-10,2.321,0.00043094161408149833,0.7908493484731097,0.1411715395592269,garch_1_1
2024-09-11,2.307,-0.006050148100683518,0.7771367880941833,0.13994229903775848,garch_1_1
2024-09-12,2.297,-0.004344055484655267,0.7536547242228041,0.13781182478443083,garch_1_1
2024-09-13,2.292,-0.0021791248544681683,0.7238793423350983,0.13506205768773286,garch_1_1
2024-09-18,2.305,0.005655877596118822,0.7154830151920359,0.13427647591011355,garch_1_1
2024-09-19,2.319,0.006055381824782697,0.7110899932801571,0.1338636165306315,garch_1_1
2024-09-20,2.323,0.0017233955148775854,0.6852633940147067,0.13141018807219862,garch_1_1
2024-09-23,2.33,0.003008813789337255,0.6663968076226265,0.12958857801554188,garch_1_1
2024-09-24,2.45,0.050219756979026565,2.272208271398192,0.2392898836959775,garch_1_1
2024-09-25,2.48,0.012170535620255114,2.160667906509336,0.2333427334288241,garch_1_1
2024-09-26,2.618,0.0541521073108174,3.8591726050785278,0.3118511658595794,garch_1_1
2024-09-27,2.724,0.03969072079955784,4.48637242723807,0.33623888110449,garch_1_1
2024-09-30,2.909,0.06570799122579857,6.810569397887809,0.41427810565702455,garch_1_1
2024-10-08,2.978,0.023442554748752814,6.435661071678727,0.4027141157276511,garch_1_1
2024-10-09,2.763,-0.07493488832053785,9.365046305884267,0.48579745461280827,garch_1_1
2024-10-10,2.852,0.03170345661077003,8.99002422162064,0.4759712285263051,garch_1_1
2024-10-11,2.794,-0.020546241717279385,8.27976830700764,0.45678240042343193,garch_1_1
2024-10-14,2.827,0.011741817876683195,7.469634873034843,0.4338603448121043,garch_1_1
2024-10-15,2.758,-0.024710299340343203,7.055793532394792,0.4216704839283261,garch_1_1
2024-10-16,2.754,-0.0014513790646469864,6.298458113150076,0.3983982234540987,garch_1_1
2024-10-17,2.712,-0.015368030228313949,5.77857727080254,0.3816020796906432,garch_1_1
2024-10-18,2.795,0.030145736528913347,5.754459571163262,0.38080491224945384,garch_1_1
2024-10-21,2.79,-0.001790510773788233,5.1477063989161085,0.3601696839722715,garch_1_1
2024-10-22,2.801,0.003934900444697326,4.619038601549759,0.3411741091569727,garch_1_1
2024-10-23,2.817,0.0056959926162640515,4.162285857405285,0.32386664478858146,garch_1_1
2024-10-24,2.789,-0.00998938024888364,3.800786047450644,0.30948313103585506,garch_1_1
2024-10-25,2.793,0.001433178317687768,3.418477308712703,0.2935057549343115,garch_1_1
2024-10-28,2.795,0.0007158196440225981,3.0791742952061676,0.2785591359822819,garch_1_1
2024-10-29,2.779,-0.005740955846695876,2.7995528193889077,0.26561011096831477,garch_1_1
2024-10-30,2.743,-0.013038938804900495,2.640141174031374,0.25793711944113557,garch_1_1
2024-10-31,2.741,-0.0007293946348173282,2.390429699626992,0.24543599660726256,garch_1_1
2024-11-01,2.762,0.007632237666451527,2.2071062909717285,0.2358369744812877,garch_1_1
2024-11-04,2.785,0.008292818392146966,2.051713412240656,0.22738332829929403,garch_1_1
2024-11-05,2.841,0.019908229492803544,2.1259828697055188,0.23146223950480363,garch_1_1
2024-11-06,2.818,-0.008128689395562433,1.977385252084935,0.22322658522797048,garch_1_1
2024-11-07,2.925,0.037267067207331354,2.700959957191027,0.2608911476482364,garch_1_1
2024-11-08,2.882,-0.014809983106489349,2.584615842831123,0.25521034312767243,garch_1_1
2024-11-11,2.864,-0.0062652484789312655,2.3659910624295875,0.24417816194988773,garch_1_1
2024-11-12,2.822,-0.014773395667776827,2.2875332848497885,0.24009547846266216,garch_1_1
2024-11-13,2.838,0.005653725307228712,2.0990164660934316,0.22998959747248238,garch_1_1
2024-11-14,2.814,-0.008492620045653588,1.9574068573915842,0.22209604410314904,garch_1_1
2024-11-15,2.778,-0.01287571436004528,1.8922761549909661,0.2183697760812433,garch_1_1
2024-11-18,2.79,0.004310351501122263,1.7405895304586199,0.20943461072028477,garch_1_1
2024-11-19,2.778,-0.004310351501122212,1.6059487185773325,0.20117133918167562,garch_1_1
2024-11-20,2.784,0.0021574981400210927,1.4781581666640065,0.19300151761043996,garch_1_1
2024-11-21,2.791,0.0025112120820118843,1.3661689367424628,0.18554637481209396,garch_1_1
2024-11-22,2.71,-0.029451319662575554,1.8206556453449574,0.21419739088675407,garch_1_1
2024-11-25,2.687,-0.008523305258255355,1.7114432946260316,0.20767371288773165,garch_1_1
2024-11-26,2.697,0.0037147145242388342,1.5774741342403358,0.19937990917556478,garch_1_1
2024-11-27,2.729,0.011795197568608437,1.5401366002548844,0.19700619870050556,garch_1_1
2024-11-28,2.716,-0.00477503202975173,1.431283293809669,0.18991666331315865,garch_1_1
2024-11-29,2.732,0.005873732012093916,1.3430369706830645,0.18396883339634795,garch_1_1
2024-12-02,2.688,-0.016236519047640494,1.4115847671567325,0.188605238878324,garch_1_1
2024-12-03,2.702,0.00519481687710393,1.3207289808928526,0.1824345644840908,garch_1_1
2024-12-04,2.699,-0.0011109055021395796,1.22342377600287,0.17558553230625898,garch_1_1
2024-12-05,2.687,-0.004456004402513451,1.1491671378383435,0.17017347582254486,garch_1_1
2024-12-06,2.716,0.010734880063095751,1.1457086276690536,0.1699172075372596,garch_1_1
2024-12-09,2.719,0.0011039559538837415,1.0686620668645601,0.16410449136140948,garch_1_1
2024-12-10,2.744,0.009152544213305223,1.0541095810811003,0.162983316456758,garch_1_1
2024-12-11,2.726,-0.006581376589298031,1.0143742066316104,0.1598819252045602,garch_1_1
2024-12-12,2.757,0.011307798767318846,1.0346117073441594,0.16146892897728904,garch_1_1
2024-12-13,2.69,-0.024601938427912022,1.358529062381924,0.1850268423013928,garch_1_1
2024-12-16,2.686,-0.0014880955127019556,1.2574833770194023,0.17801286779581116,garch_1_1
2024-12-17,2.7,0.005198674909237677,1.184403330510121,0.17276273883235077,garch_1_1
2024-12-18,2.719,0.0070123926400501874,1.1341093437799274,0.16905488890669257,garch_1_1
2024-12-19,2.709,-0.003684602547375483,1.0661295503425572,0.1639099285236634,garch_1_1
2024-12-20,2.701,-0.0029574882924795327,1.0029019771503973,0.1589752490930271,garch_1_1
2024-12-23,2.724,0.008479313476787398,0.9882375415880826,0.15780870079947965,garch_1_1
2024-12-24,2.753,0.010589837873204246,1.00131392942494,0.1588493343439263,garch_1_1
2024-12-25,2.764,0.0039876797449530585,0.9505078500511585,0.1547669144917259,garch_1_1
2024-12-26,2.757,-0.0025357738637636295,0.8991250749990685,0.15052558549953068,garch_1_1
2024-12-27,2.754,-0.0010887317351966717,0.8503506742825,0.1463859180109856,garch_1_1
2024-12-30,2.773,0.006875366327178029,0.8372998499132307,0.14525823975876004,garch_1_1
2024-12-31,2.738,-0.012702039767383941,0.8983298228209673,0.1504590028382761,garch_1_1
2025-01-02,2.667,-0.026273481666380025,1.2926894877739945,0.18048760370702654,garch_1_1
2025-01-03,2.641,-0.009796611884881944,1.259265818257325,0.17813898680548454,garch_1_1
2025-01-06,2.63,-0.004173787125322079,1.1793245513131145,0.17239193337592826,garch_1_1
2025-01-07,2.645,0.005687219120589514,1.1186999159977904,0.16790246538733228,garch_1_1
2025-01-08,2.651,0.0022658619966257607,1.0473460144593634,0.16245959363600526,garch_1_1
2025-01-09,2.638,-0.004915873011765573,0.996126296190851,0.1584373146200397,garch_1_1
2025-01-10,2.615,-0.008756956778236473,0.984476407285578,0.15750811237392365,garch_1_1
2025-01-13,2.607,-0.0030639625655215852,0.9310618947777971,0.15317558470069728,garch_1_1
2025-01-14,2.652,0.01711393737225147,1.0675749584645304,0.16402100156170907,garch_1_1
2025-01-15,2.646,-0.002265006630852236,1.0018834660042628,0.1588945038171787,garch_1_1
2025-01-16,2.637,-0.003407158321614309,0.9478788685801074,0.1545527336808337,garch_1_1
2025-01-17,2.637,0.0,0.892778464747574,0.14999339089319524,garch_1_1
2025-01-20,2.643,0.002272728251002397,0.8474670645575202,0.14613750383405866,garch_1_1
2025-01-21,2.64,-0.0011357184639272685,0.8047077994396122,0.14240307772614408,garch_1_1
2025-01-22,2.607,-0.012578782206860073,0.8674888805657448,0.14785371077608017,garch_1_1
2025-01-23,2.623,0.006118565933371949,0.8460865708308869,0.1460184289223054,garch_1_1
2025-01-24,2.638,0.005702353410386145,0.8239568125260746,0.1440961889699276,garch_1_1
2025-01-27,2.643,0.0018935813270292768,0.7855352644171925,0.14069644154460073,garch_1_1
2025-02-05,2.619,-0.009122070096577192,0.8023323036848182,0.1421927355839862,garch_1_1
2025-02-06,2.638,0.0072284887695478394,0.7980407445931175,0.14181194154141802,garch_1_1
2025-02-07,2.668,0.01130807375825456,0.8431999759807058,0.14576913045879702,garch_1_1
2025-02-10,2.678,0.0037411192156033284,0.8093649940975738,0.14281455756070127,garch_1_1
2025-02-11,2.671,-0.0026173131411570062,0.7745061993977902,0.1397052476638738,garch_1_1
2025-02-12,2.698,0.010057823657740272,0.8050921042581949,0.14243707743177866,garch_1_1
2025-02-13,2.702,0.0014814817524428803,0.7679263551311037,0.13911054650638038,garch_1_1
2025-02-14,2.719,0.006271926112326412,0.7592245342121744,0.13832012963465148,garch_1_1
2025-02-17,2.723,0.0014700480412889706,0.7273195785609279,0.1353826184550121,garch_1_1
2025-02-18,2.713,-0.0036791800148278106,0.7061691424481563,0.13339963414377692,garch_1_1
2025-02-19,2.722,0.0033118705524795102,0.6861445445208966,0.131494648263443,garch_1_1
2025-02-20,2.708,-0.00515654917924569,0.6780797608297295,0.13071958526903757,garch_1_1
2025-02-21,2.744,0.013206354813610273,0.7671525010902654,0.13904043666313298,garch_1_1
2025-02-24,2.731,-0.004748867372070996,0.7471736349935059,0.13721798570827495,garch_1_1
2025-02-25,2.703,-0.0103055751972574,0.7831547543824592,0.14048309439373113,garch_1_1
2025-02-26,2.726,0.008473065980030342,0.793732638601733,0.14142864806241937,garch_1_1
2025-02-27,2.74,0.005122587125638141,0.7735582271528777,0.13961972398000405,garch_1_1
2025-02-28,2.705,-0.012856008101534025,0.8444595535398514,0.14587796526276425,garch_1_1
2025-03-03,2.686,-0.0070488141973990125,0.8329566987638705,0.14488101604023054,garch_1_1
2025-03-04,2.678,-0.0029828508320650245,0.7966823094806156,0.14169119308874323,garch_1_1
2025-03-05,2.697,0.007069796888612196,0.7915707970099612,0.14123591641169403,garch_1_1
2025-03-06,2.74,0.015817876242386012,0.9165688168789003,0.15197872938456977,garch_1_1
2025-03-07,2.739,-0.0003650301190378993,0.8651426454734187,0.1476536307238334,garch_1_1
2025-03-10,2.727,-0.004390786417489658,0.8317847567577735,0.14477905881133463,garch_1_1
2025-03-11,2.739,0.004390786417489539,0.8027027858823104,0.14222556100868164,garch_1_1
2025-03-12,2.73,-0.003291281084072733,0.7711454952101147,0.13940181662838863,garch_1_1
2025-03-13,2.723,-0.0025673955052458097,0.740524501676348,0.13660606663777405,garch_1_1
2025-03-14,2.803,0.028956058491028776,1.2513088094266522,0.17757528543564735,garch_1_1
2025-03-17,2.798,-0.0017853959393617045,1.1632257303233082,0.17121123912917446,garch_1_1
2025-03-18,2.8,0.0007145409378686284,1.0836857223420842,0.1652539869504531,garch_1_1
2025-03-19,2.809,0.0032091309409484976,1.0197410163040261,0.16030431563392628,garch_1_1
2025-03-20,2.779,-0.010737397361740087,1.0301644647367625,0.16112152094418178,garch_1_1
2025-03-21,2.734,-0.016325412458608832,1.136611313601609,0.1692412630027339,garch_1_1
2025-03-24,2.752,0.006562181769339225,1.0878596883217673,0.16557193042816326,garch_1_1
2025-03-25,2.752,0.0,1.0166360223632729,0.1600600754827839,garch_1_1
2025-03-26,2.736,-0.005830920310793099,0.9752484544586927,0.1567681761466882,garch_1_1
2025-03-27,2.75,0.005103911918175821,0.934042646503003,0.1534205810570266,garch_1_1
2025-03-28,2.738,-0.004373184812222763,0.8926501362715121,0.14998261043881755,garch_1_1
2025-03-31,2.725,-0.004759298751049694,0.8582796400166892,0.14706681110441122,garch_1_1
2025-04-01,2.721,-0.001468968314098133,0.814818131494624,0.14329486003923703,garch_1_1
2025-04-02,2.716,-0.0018392501046595102,0.7771340866511068,0.139942055807423,garch_1_1
2025-04-03,2.72,0.0014716706114562507,0.7431694315334397,0.1368498069952701,garch_1_1
2025-04-07,2.571,-0.05633695202415355,2.755125040289369,0.2634941195079923,garch_1_1
2025-04-08,2.628,0.021928172338611572,2.8029577443198375,0.26577158455497063,garch_1_1
2025-04-09,2.648,0.007581537452397753,2.571618749340779,0.25456785437951046,garch_1_1
2025-04-10,2.672,0.009022617599637552,2.3824239073850206,0.24502465685335123,garch_1_1
2025-04-11,2.677,0.0018695088638161434,2.164435506304195,0.23354608701253318,garch_1_1
2025-04-14,2.685,0.002983963422612542,1.975097767757903,0.2230974310643203,garch_1_1
2025-04-15,2.691,0.0022321437839406344,1.8050028546531818,0.21327463969553478,garch_1_1
2025-04-16,2.715,0.008879081641129924,1.7024445853543726,0.20712702274432998,garch_1_1
2025-04-17,2.718,0.0011043623430532275,1.5612726965581476,0.19835340166799592,garch_1_1
2025-04-18,2.72,0.0007355645789541326,1.435905561188765,0.19022307994025564,garch_1_1
2025-04-21,2.711,-0.003314309791377576,1.3315116845923203,0.1831777673510802,garch_1_1
2025-04-22,2.716,0.0018426391799213294,1.2345037556558802,0.17637883842039606,garch_1_1
2025-04-23,2.708,-0.0029498546464211237,1.1518538185956289,0.1703722871496707,garch_1_1
2025-04-24,2.715,0.0025815983358701044,1.0776835423919784,0.16479570767552731,garch_1_1
2025-04-25,2.71,-0.001843318494289224,1.009731608455596,0.15951563099922533,garch_1_1
2025-04-28,2.711,0.00036893562491882565,0.947612862291028,0.15453104584430247,garch_1_1
2025-04-29,2.706,-0.0018460407679321753,0.8946490621983528,0.150150445778221,garch_1_1
2025-04-30,2.693,-0.0048157159191344005,0.8603938164873093,0.1472478324984113,garch_1_1
2025-05-06,2.707,0.005185196802702205,0.8329604172168651,0.14488133942597645,garch_1_1
2025-05-07,2.731,0.008826831859403934,0.8417648455952063,0.1456450277524063,garch_1_1
2025-05-08,2.742,0.004019738648554691,0.809503028764194,0.14282673532941123,garch_1_1
2025-05-09,2.744,0.0007291287235162065,0.7707197854238338,0.13936333302802648,garch_1_1
2025-05-12,2.763,0.006900336077640484,0.7670640039165966,0.13903241671890132,garch_1_1
2025-05-13,2.769,0.0021691982475453135,0.7359310349312891,0.13618172447236995,garch_1_1
2025-05-14,2.817,0.01718624470541086,0.8965222361493753,0.1503075525413286,garch_1_1
2025-05-15,2.803,-0.004982216711584373,0.8630947913799664,0.1474787738719547,garch_1_1
2025-05-16,2.778,-0.0089590278504992,0.8690657900743662,0.1479880329954893,garch_1_1
2025-05-19,2.769,-0.0032450001433271896,0.829671933143634,0.14459506462953559,garch_1_1
2025-05-20,2.78,0.003964683513720891,0.7985168723191239,0.14185423921209378,garch_1_1
2025-05-21,2.793,0.0046653592604940265,0.774883474120911,0.1397392698844779,garch_1_1
2025-05-22,2.796,0.0010735374085239634,0.7405050668891159,0.13660427403857361,garch_1_1
2025-05-23,2.775,-0.007539077173165975,0.7455626843250408,0.13706998083092822,garch_1_1
2025-05-26,2.764,-0.00397184129297444,0.7237401576649181,0.13504907246314554,garch_1_1
2025-05-27,2.75,-0.005077994226943471,0.7108305763601488,0.13383919651684908,garch_1_1
2025-05-28,2.747,-0.0010915045653431652,0.6837480616371465,0.13126481308125226,garch_1_1
2025-05-29,2.754,0.0025449931933262775,0.6633723172873177,0.12929416999865231,garch_1_1
2025-05-30,2.749,-0.0018171911233544114,0.6430811825085616,0.12730139747550204,garch_1_1
2025-06-03,2.748,-0.00036383482300570726,0.6231553442400279,0.12531366515607428,garch_1_1
2025-06-04,2.755,0.0025440682447746966,0.6097557060451788,0.12395904078500489,garch_1_1
2025-06-05,2.754,-0.00036304229841461956,0.5936680284815371,0.12231285426207146,garch_1_1
2025-06-06,2.756,0.0007259528449489326,0.5797419425798146,0.12086975201849025,garch_1_1
2025-06-09,2.756,0.0,0.5670442633998628,0.11953876123532711,garch_1_1
2025-06-10,2.742,-0.005092772011289368,0.5722793920294512,0.1200893029338674,garch_1_1
2025-06-11,2.762,0.007267473846977692,0.5948520491089155,0.122434764824149,garch_1_1
2025-06-12,2.76,-0.000724375258041844,0.5807164835775738,0.12097129984485931,garch_1_1
2025-06-13,2.746,-0.005085372383279259,0.5843286277564413,0.1213469464777022,garch_1_1
2025-06-16,2.753,0.0025459188146910077,0.57540729031339,0.12041704080360649,garch_1_1
2025-06-17,2.753,0.0,0.5632088847828242,0.11913380669032266,garch_1_1
2025-06-18,2.75,-0.001090314481990429,0.5531281073307887,0.11806281508051497,garch_1_1
2025-06-19,2.733,-0.00620100473254896,0.5679808484776168,0.11963744138703378,garch_1_1
2025-06-20,2.749,0.005837302237177688,0.5788945161705539,0.12078138021855006,garch_1_1
2025-06-23,2.762,0.004717845803991663,0.5808777602886287,0.1209880967668863,garch_1_1
2025-06-24,2.792,0.010803129913025518,0.6438270153980705,0.12737519691066773,garch_1_1
2025-06-25,2.832,0.01422499093134726,0.7549106060552524,0.13792660103327553,garch_1_1
2025-06-26,2.826,-0.0021208915691375133,0.7248320036188904,0.1351509026651174,garch_1_1
2025-06-27,2.795,-0.011030177655273251,0.7733180874213575,0.13959805085680177,garch_1_1
2025-06-30,2.807,0.004284190772683029,0.7503689703961574,0.13751108338596987,garch_1_1
2025-07-01,2.81,0.0010681859659090976,0.7188065375432647,0.13458798143255685,garch_1_1
2025-07-02,2.816,0.0021329549501415855,0.6931296390100777,0.13216227488604287,garch_1_1
2025-07-03,2.82,0.0014194466542262925,0.6687408557581676,0.12981629160126945,garch_1_1
2025-07-04,2.836,0.005657723719858855,0.6667090434504033,0.12961893339690064,garch_1_1
2025-07-07,2.828,-0.002824860635554739,0.6489996097757481,0.12788584818637616,garch_1_1
2025-07-08,2.845,0.005993319543967989,0.6517791049312179,0.12815940638231238,garch_1_1
2025-07-09,2.842,-0.0010550379033853635,0.6314495868680504,0.12614487539759542,garch_1_1
2025-07-10,2.858,0.005614049832766699,0.6333935120335533,0.12633889544888993,garch_1_1
2025-07-11,2.871,0.004538321631251162,0.628019248065765,0.1258017688717344,garch_1_1
2025-07-14,2.869,-0.0006968641396990701,0.6100395703093194,0.12398789123053448,garch_1_1
2025-07-15,2.855,-0.004891693891254252,0.6090379611393409,0.12388606306082776,garch_1_1
2025-07-16,2.85,-0.0017528488274143605,0.594860244349594,0.12243560820941662,garch_1_1
2025-07-17,2.859,0.003152919059615515,0.586986060095082,0.1216225666329899,garch_1_1
2025-07-18,2.884,0.008706306082527877,0.6227539112000037,0.12527329548726693,garch_1_1
2025-07-21,2.89,0.002078282701638149,0.6079894003485289,0.12377937182254128,garch_1_1
2025-07-22,2.914,0.008270205648672204,0.6365433156260198,0.1266526413217494,garch_1_1
2025-07-23,2.921,0.0023993156325906877,0.6211331322359461,0.12511017117862896,garch_1_1
2025-07-24,2.933,0.004099766589710113,0.61470698970206,0.12446130378753033,garch_1_1
2025-07-25,2.916,-0.0058129758489022625,0.6194805620948476,0.12494362794792763,garch_1_1
2025-07-28,2.929,0.004448253699184682,0.6151825292561428,0.12450943633819406,garch_1_1
2025-07-29,2.934,0.0017056118751936108,0.6003625438758432,0.12300055327384202,garch_1_1
2025-07-30,2.943,0.003062789530545731,0.5914889562061212,0.12208817181199108,garch_1_1
2025-07-31,2.899,-0.015063619311817322,0.722990367245258,0.13497909932497143,garch_1_1
2025-08-01,2.876,-0.007965410080718287,0.7343059810950635,0.1360312858264436,garch_1_1
2025-08-04,2.89,0.004856062265540617,0.7192486028597664,0.13462936080984014,garch_1_1
2025-08-05,2.912,0.007583628210098639,0.7279358107242051,0.13543995876494486,garch_1_1
2025-08-06,2.918,0.00205831976615436,0.701002018414567,0.1329106875463636,garch_1_1
2025-08-07,2.921,0.0010275733050098376,0.6750688857611807,0.13042904554270782,garch_1_1
2025-08-08,2.91,-0.003772942222202711,0.6603826416465383,0.1290024905553872,garch_1_1
2025-08-11,2.912,0.0006870491510383883,0.6387348748412062,0.12687048059339254,garch_1_1
2025-08-12,2.932,0.006844653689965499,0.6497851789948546,0.12796322327399515,garch_1_1
2025-08-13,2.94,0.002724797326185257,0.6339411208462946,0.126393497638631,garch_1_1
2025-08-14,2.954,0.004750602758597799,0.6297855741890946,0.1259785555940581,garch_1_1
2025-08-15,2.965,0.0037168483405006208,0.6204141756459052,0.12503774320690858,garch_1_1
2025-08-18,2.971,0.0020215640307818237,0.6057664361342695,0.12355288013876321,garch_1_1
2025-08-19,2.937,-0.011509944263987625,0.6749150754595519,0.13041418596755763,garch_1_1
2025-08-20,2.975,0.012855386781110251,0.7584378087930428,0.1382484458559469,garch_1_1
2025-08-21,2.99,0.0050293484050019585,0.7417138535233592,0.13671572370721904,garch_1_1
2025-08-22,3.066,0.025100393047027263,1.1177950062703772,0.16783454399501166,garch_1_1
2025-08-25,3.124,0.0187404515278172,1.2704789331953146,0.1789303471089293,garch_1_1
2025-08-26,3.101,-0.007389591859127723,1.2130617386243867,0.17484037237816255,garch_1_1
2025-08-27,3.051,-0.016255234383779203,1.2969714629633509,0.1807862850624362,garch_1_1
2025-08-28,3.095,0.014318500402026865,1.3345500533237338,0.18338664439854416,garch_1_1
2025-08-29,3.112,0.005477700179585651,1.2545277174212721,0.17780353899463322,garch_1_1
2025-09-01,3.113,0.0003212851433258814,1.1641893231112184,0.17128213842196946,garch_1_1
2025-09-02,3.128,0.004806931223593645,1.0993086372039973,0.16644091341236003,garch_1_1
2025-09-03,3.087,-0.013194077163042335,1.138350615001229,0.16937070436775944,garch_1_1
2025-09-04,3.034,-0.017317864593681915,1.2538142783354005,0.17775297413560226,garch_1_1
2025-09-05,3.072,0.012446934359085256,1.263975014829453,0.1784717635193372,garch_1_1
2025-09-08,3.067,-0.0016289301533112144,1.1740963169892464,0.17200938110501127,garch_1_1
2025-09-09,3.059,-0.0026118199633481222,1.0972088134734919,0.1662818754390628,garch_1_1
2025-09-10,3.072,0.004240750116659332,1.0367124293743537,0.16163277272952326,garch_1_1
2025-09-11,3.122,0.01614500680781444,1.1402319767679747,0.16951060679070487,garch_1_1
2025-09-12,3.104,-0.0057822197722679726,1.0842461582039449,0.16529671257087786,garch_1_1
2025-09-15,3.097,-0.002257701329906567,1.0166135039059734,0.16005830281004021,garch_1_1
2025-09-16,3.082,-0.00485516409314183,0.9685541705739599,0.1562292069315587,garch_1_1
2025-09-17,3.088,0.001944895264605745,0.913607142354306,0.15173298912012678,garch_1_1
2025-09-18,3.048,-0.013037994338129943,0.9714065432423153,0.15645908375580608,garch_1_1
2025-09-19,3.045,-0.0009847366625394926,0.9141727366652957,0.15177994914996332,garch_1_1
2025-09-22,3.054,0.0029513056345803197,0.8687161056247875,0.1479582571597295,garch_1_1
2025-09-23,3.054,0.0,0.8227338222611835,0.14398920904353155,garch_1_1
2025-09-24,3.072,0.005876608488985191,0.8046033402165121,0.14239383474524486,garch_1_1
2025-09-25,3.087,0.004870930234596512,0.7815429506099794,0.14033845643789689,garch_1_1
2025-09-26,3.077,-0.0032446491801175438,0.7522286928545753,0.13768138240130834,garch_1_1
2025-09-29,3.109,0.010346034736712048,0.7891861749313495,0.14102301800865705,garch_1_1
2025-09-30,3.126,0.005453100922668052,0.7718053330464343,0.13946144410829162,garch_1_1
2025-10-09,3.161,0.011134201234195786,0.8174620477317105,0.14352715284168047,garch_1_1
2025-10-10,3.112,-0.015622826917335481,0.9339713516691365,0.15341472570148618,garch_1_1
2025-10-13,3.101,-0.003540966197833327,0.888381803918507,0.1496235992707914,garch_1_1
2025-10-14,3.1,-0.0003225286272112451,0.8401855259914588,0.1455083339708924,garch_1_1
2025-10-15,3.138,0.012183542819740241,0.8937931935078227,0.1500786076574444,garch_1_1
2025-10-16,3.159,0.006669867509107232,0.8739338176871051,0.14840192790430673,garch_1_1
2025-10-17,3.11,-0.01563279562880539,0.9841389834645924,0.15748111754527186,garch_1_1
2025-10-20,3.111,0.00032149172435739874,0.9249445834062439,0.1526715543309799,garch_1_1
2025-10-21,3.144,0.010551656651460142,0.9447888645664816,0.15430061369636652,garch_1_1
2025-10-22,3.148,0.0012714559881966659,0.8911494276496197,0.14985648326572465,garch_1_1
2025-10-23,3.167,0.006017437001345857,0.8662255851017298,0.1477460143102466,garch_1_1
2025-10-24,3.192,0.007862912031059646,0.8607788124530714,0.14728077292646655,garch_1_1
2025-10-27,3.216,0.007490671729157659,0.8522562833056263,0.1465498493322384,garch_1_1
2025-10-28,3.196,-0.0062383234126917025,0.8329523117859627,0.14488063451340302,garch_1_1
2025-10-29,3.21,0.004370909237896097,0.8036225942375819,0.14230702503666876,garch_1_1
2025-10-30,3.193,-0.005310023409279521,0.7830545337947858,0.14047410527078863,garch_1_1
2025-10-31,3.16,-0.01038888613382419,0.8160102602171047,0.14339964629479054,garch_1_1
2025-11-03,3.161,0.0003164056346599322,0.7761789094364041,0.13985602782074638,garch_1_1
2025-11-04,3.156,-0.0015830302498528184,0.7423927284491677,0.13677827589540317,garch_1_1
2025-11-05,3.15,-0.0019029501460861868,0.7132013242557028,0.13406219963600371,garch_1_1
2025-11-06,3.19,0.012618463959211464,0.7884113445546271,0.1409537721480933,garch_1_1
2025-11-07,3.186,-0.0012547053088963831,0.752631733641813,0.13771826199808684,garch_1_1
2025-11-10,3.201,0.004697049499869162,0.7344763274575553,0.13604706337121134,garch_1_1
2025-11-11,3.18,-0.006582064195640556,0.7315627322792319,0.1357769525856161,garch_1_1
2025-11-12,3.197,0.005331673285618873,0.719968761996487,0.1346967438445023,garch_1_1
2025-11-13,3.221,0.007479000271357351,0.7275517860982872,0.1354042281824199,garch_1_1
2025-11-14,3.183,-0.011867722049106055,0.7880477632666087,0.14092126750181655,garch_1_1
2025-11-17,3.159,-0.007568626480007617,0.787915680650602,0.14090945728514878,garch_1_1
2025-11-18,3.15,-0.002853068982406399,0.7563473007354513,0.1380577849254919,garch_1_1
2025-11-19,3.165,0.004750602758597799,0.7380927730333285,0.13638158922831145,garch_1_1
2025-11-20,3.156,-0.0028476526125116187,0.7122434523885368,0.13397214262745494,garch_1_1
2025-11-21,3.101,-0.017580762865316023,0.8826891898445067,0.14914344633299034,garch_1_1
2025-11-24,3.094,-0.00225988796743759,0.8382785186246582,0.14534310671422085,garch_1_1
2025-11-25,3.11,0.0051579740402683694,0.8132095229834313,0.14315334428221532,garch_1_1
2025-11-26,3.114,0.0012853472206637193,0.7747492344612605,0.13972716524865078,garch_1_1
2025-11-27,3.112,-0.0006424670956613869,0.7398246271535481,0.13654149773702284,garch_1_1
2025-11-28,3.113,0.0003212851433258814,0.7087707323681026,0.13364513629637326,garch_1_1
2025-12-01,3.137,0.007680037749070075,0.7196183153552135,0.1346639578616022,garch_1_1
2025-12-02,3.122,-0.00479310711530084,0.7053845044047433,0.13332550210293428,garch_1_1
2025-12-03,3.108,-0.004494389587839215,0.6910162409822128,0.13196063531505053,garch_1_1
2025-12-04,3.116,0.0025706955031008917,0.6698893745753907,0.12992771928768643,garch_1_1
2025-12-05,3.145,0.009263762143902048,0.7025943324109216,0.13306155408965892,garch_1_1
2025-12-08,3.164,0.006023159753003584,0.6994333387606297,0.1327618926377892,garch_1_1
2025-12-09,3.142,-0.006977510071978133,0.7039935948007525,0.1331939885617176,garch_1_1
2025-12-10,3.132,-0.0031877617048727013,0.6833785117981843,0.13122933550587781,garch_1_1
2025-12-11,3.12,-0.003838776307165713,0.6680549756422067,0.12974970283659076,garch_1_1
2025-12-12,3.134,0.004477142112438082,0.6583297104429133,0.1288018194869988,garch_1_1
2025-12-15,3.133,-0.00031913196377441824,0.6366300410946005,0.1266612688851013,garch_1_1
2025-12-16,3.103,-0.009621626503811497,0.6765904985298073,0.1305759570631253,garch_1_1
2025-12-17,3.058,-0.014608277959372713,0.7896014692886645,0.141060118481711,garch_1_1
2025-12-18,3.064,0.001960144371474376,0.7553057054228163,0.13796268979928947,garch_1_1
2025-12-19,3.078,0.004558783538342501,0.7360103809050744,0.13618906563600425,garch_1_1
2025-12-22,3.092,0.0045380953084881,0.7188151715209249,0.13458878973498242,garch_1_1
2025-12-23,3.098,0.0019386112695013859,0.6926175210971937,0.13211344190372637,garch_1_1
2025-12-24,3.099,0.0003227368109345091,0.6670017067325217,0.12964737949399344,garch_1_1
2025-12-25,3.107,0.00257815160529918,0.6486660003332827,0.12785297496890216,garch_1_1
2025-12-26,3.12,0.004175371410480592,0.6394756680417971,0.12694403032302576,garch_1_1
2025-12-29,3.109,-0.0035318707447742157,0.627765677575723,0.1257763693024577,garch_1_1
2025-12-30,3.108,-0.00032169857121575496,0.6095873664327257,0.12394192847501077,garch_1_1
2025-12-31,3.105,-0.0009657171199589738,0.5940056160538549,0.12234762574139779,garch_1_1
2026-01-05,3.174,0.021978906718775167,0.8921989363479093,0.14994470045976055,garch_1_1
2026-01-06,3.235,0.019036305848646556,1.0780877741294406,0.16482661165012738,garch_1_1
2026-01-07,3.22,-0.004647568396546851,1.0216861031005582,0.1604571276015312,garch_1_1
2026-01-08,3.198,-0.0068557451445544725,0.988048697746461,0.15779362212463094,garch_1_1
2026-01-09,3.209,0.003433747715957463,0.9360927369475696,0.1535888569235371,garch_1_1
2026-01-12,3.218,0.0028006864424716103,0.8875453156648,0.14955314090567592,garch_1_1
2026-01-13,3.214,-0.0012437812548705715,0.8403302044739459,0.14552086157229635,garch_1_1
2026-01-14,3.187,-0.008436231880121577,0.843085858432998,0.14575926602625147,garch_1_1
2026-01-15,3.18,-0.0021988386431138246,0.8030642953081351,0.14225758412740253,garch_1_1
2026-01-16,3.16,-0.006309169193264721,0.7899959726658576,0.1410953525498966,garch_1_1
2026-01-19,3.153,-0.0022176470358969917,0.7561420319078265,0.1380390495623511,garch_1_1
2026-01-20,3.15,-0.000951927725382069,0.7236634635731629,0.13504191675936664,garch_1_1
2026-01-21,3.145,-0.0015885626851378416,0.6959371529366633,0.13242966530956693,garch_1_1
2026-01-22,3.131,-0.004461447808135301,0.6824684733098448,0.131141928944972,garch_1_1
2026-01-23,3.106,-0.008016717617773256,0.6989776197554629,0.1327186347798894,garch_1_1
2026-01-26,3.129,0.007377739960249886,0.7080035214398779,0.13357278442963194,garch_1_1
2026-01-27,3.131,0.000638977657523569,0.6808272179566291,0.13098414366825878,garch_1_1
2026-01-28,3.138,0.0022332119665721567,0.6598120232777261,0.12894674476929885,garch_1_1
2026-01-29,3.196,0.018314373593187442,0.8550472118895229,0.14678961046210312,garch_1_1
2026-01-30,3.147,-0.015450409821758503,0.96378175176642,0.15584383255205767,garch_1_1
2026-02-02,3.08,-0.021520021096786576,1.2043659163588631,0.1742125744377924,garch_1_1
2026-02-03,3.108,0.009049835519917856,1.1729723862598627,0.17192703142248617,garch_1_1
2026-02-04,3.147,0.012470185576868726,1.1928193200442412,0.17337545058374002,garch_1_1
2026-02-05,3.137,-0.003182688873728677,1.1158797580542656,0.16769069712708423,garch_1_1
2026-02-06,3.115,-0.007037776969124591,1.073014503408669,0.1644383333833643,garch_1_1
2026-02-09,3.161,0.014659280994064102,1.1427724146607594,0.16969933662053938,garch_1_1
2026-02-10,3.17,0.002843154655708485,1.0705758548646243,0.16425136694283105,garch_1_1
2026-02-11,3.17,0.0,1.0013429743429152,0.15885163818305892,garch_1_1
2026-02-12,3.161,-0.0028431546557085305,0.9451557044132531,0.1543305664838109,garch_1_1
2026-02-13,3.114,-0.014980359821674083,1.034312462666779,0.16144557615246952,garch_1_1
2026-02-24,3.119,0.0016043642138598203,0.9709952142110102,0.15642595500145573,garch_1_1
2026-02-25,3.134,0.004797706308162737,0.9283094207868663,0.1529490026244991,garch_1_1
2026-02-26,3.115,-0.00608099169441252,0.8990036547487267,0.1505154214679277,garch_1_1
2026-02-27,3.123,0.002564926061525038,0.853901007008309,0.14669119052148083,garch_1_1
2026-03-02,3.125,0.0006402048874232598,0.8099210210913109,0.14286360534265202,garch_1_1
2026-03-03,3.096,-0.009323327460884092,0.8262927140950063,0.1443002993593366,garch_1_1
2026-03-04,3.051,-0.014641549992948118,0.9226864967797637,0.1524850803155838,garch_1_1
2026-03-05,3.066,0.004904374715089677,0.8862374917390179,0.14944291482644217,garch_1_1
2026-03-06,3.068,0.0006521030553874259,0.8385434277888808,0.14536607025121026,garch_1_1
2026-03-09,3.041,-0.008839474809782213,0.8459763181894583,0.14600891485924533,garch_1_1
2026-03-10,3.06,0.006228507269061791,0.8279324800450246,0.14444340932397925,garch_1_1
2026-03-11,3.062,0.0006533812712026048,0.7869552393194894,0.1408235492765721,garch_1_1
2026-03-12,3.047,-0.004910797231919959,0.7656959283252953,0.13890837769478642,garch_1_1
2026-03-13,3.035,-0.003946075492110443,0.7414241569422135,0.13668902207179542,garch_1_1
2026-03-16,3.028,-0.0023090889362592467,0.7134271689243628,0.1340834242436176,garch_1_1
2026-03-17,3.039,0.003626178359453665,0.6939880391996285,0.13224408715640423,garch_1_1
2026-03-18,3.035,-0.001317089423194491,0.6691846456737097,0.1298593588116678,garch_1_1
2026-03-19,2.993,-0.013935195640899734,0.7706953665141,0.13936112526868932,garch_1_1
2026-03-20,2.957,-0.012100988000221734,0.8298151697003404,0.14460754571061837,garch_1_1
2026-03-23,2.868,-0.030560318132966193,1.3889335888729453,0.18708587985093428,garch_1_1
2026-03-24,2.9,0.011095814255054447,1.3629562081252244,0.1853280778639752,garch_1_1
2026-03-25,2.93,0.010291686036547724,1.3288430830059077,0.18299411381721783,garch_1_1
2026-03-26,2.897,-0.011326704241762693,1.3120174969171288,0.18183190292770862,garch_1_1
2026-03-27,2.909,0.004133660725851155,1.2261955480286624,0.1757843218558535,garch_1_1
2026-03-30,2.905,-0.0013759892091900461,1.140190820557277,0.16950754755480177,garch_1_1
2026-03-31,2.902,-0.0010332358418783203,1.063576817747177,0.16371357856704757,garch_1_1
2026-04-01,2.951,0.01674394149880616,1.176731644611992,0.17220231544384704,garch_1_1
2026-04-02,2.926,-0.00850779336286978,1.1415181481851948,0.16960618306614564,garch_1_1
2026-04-03,2.901,-0.008580797458665766,1.1111613225474288,0.16733578615524894,garch_1_1
2026-04-07,2.9,-0.00034476814683854834,1.0373133374845038,0.16167960942743986,garch_1_1
2026-04-08,2.978,0.02654119726938893,1.4273889049299477,0.18965811452251308,garch_1_1
2026-04-09,2.958,-0.0067385699732091554,1.3460006597011194,0.1841717041905955,garch_1_1
2026-04-10,2.972,0.004721762566904689,1.2596511620540505,0.17816624058379318,garch_1_1
2026-04-13,2.972,0.0,1.1686402211881608,0.17160924676118608,garch_1_1
2026-04-14,2.997,0.008376661479013319,1.1337650977613287,0.16902922961306274,garch_1_1
2026-04-15,3.008,0.0036636177530672614,1.0660884414239382,0.16390676838948184,garch_1_1
2026-04-16,3.014,0.0019926941167102974,1.0000309324732304,0.15874753383383758,garch_1_1
2026-04-17,2.982,-0.010673883861756947,1.0118509992741596,0.15968295206974606,garch_1_1
2026-04-20,3.007,0.008348687663845413,0.9947321324690684,0.15832640253040717,garch_1_1
2026-04-21,3.006,-0.00033261267560939995,0.9342899789127869,0.1534408924263745,garch_1_1
2026-04-22,3.005,-0.0003327233436118544,0.8808097117573748,0.14898457885393993,garch_1_1
2026-04-23,3.001,-0.0013320015289408158,0.8345125683150156,0.14501626364493878,garch_1_1
2026-04-24,3.018,0.005648793887426972,0.8133213130631312,0.1431631834278314,garch_1_1
2026-04-27,3.013,-0.0016581001974929378,0.7754101594129017,0.139786751937389,garch_1_1
2026-04-28,3.024,0.0036441981691223255,0.7489170644868487,0.13737798231546636,garch_1_1
2026-04-29,3.041,0.005605950377940936,0.7372718680157876,0.1363057264901143,garch_1_1
2026-04-30,3.062,0.006881888540264443,0.7373038514843366,0.13630868298610066,garch_1_1
2026-05-06,3.1,0.01233381425560872,0.8051443818451688,0.1424417018379739,garch_1_1
2026-05-07,3.103,0.0009672739751425945,0.7671353993878072,0.1390388868790769,garch_1_1
2026-05-08,3.075,-0.009064484207761915,0.7853794021883534,0.1406824826875987,garch_1_1
2026-05-11,3.116,0.013245226750020723,0.8627580026205578,0.1474499971720517,garch_1_1
2026-05-12,3.119,0.0009623096171645182,0.8181065505778976,0.14358372148179965,garch_1_1
2026-05-13,3.123,0.0012816406752752332,0.7790758955423541,0.14011678189163254,garch_1_1
2026-05-14,3.074,-0.01581443318453747,0.9038806737013534,0.15092313599072246,garch_1_1
2026-05-15,3.035,-0.012768220604942454,0.9583252448691352,0.15540204686780096,garch_1_1
2026-05-18,3.008,-0.008936018423868196,0.9530630834358989,0.15497480344425235,garch_1_1
2026-05-19,3.026,0.0059662092785707005,0.9206095831163872,0.1523133661059756,garch_1_1
2026-05-20,3.029,0.0009909166789360824,0.8693321113639774,0.14801070639103184,garch_1_1
2026-05-21,2.994,-0.011622246047663551,0.9097920549734306,0.15141585050888975,garch_1_1
2026-05-22,2.995,0.00033394556997607615,0.8591669559891759,0.14714281256971823,garch_1_1
2026-05-25,3.039,0.014584282367243379,0.9521385116005683,0.1548996142420449,garch_1_1
2026-05-26,3.046,0.002300740538314007,0.9000738873595199,0.1506049865092783,garch_1_1
2026-05-27,3.008,-0.012553848385376633,0.9514677309558409,0.15484504131578508,garch_1_1
2026-05-28,2.985,-0.0076756592430279845,0.9335592903524248,0.15338087924145274,garch_1_1
2026-05-29,2.997,0.004012041489960854,0.8906841732549089,0.14981735936140278,garch_1_1
2026-06-01,2.968,-0.009723463029392147,0.9026472844370255,0.1508201298494768,garch_1_1
2026-06-02,2.993,0.008387903565427915,0.8985318085503868,0.15047591692848977,garch_1_1
2026-06-03,2.996,0.0010018367844111197,0.8498118668643103,0.1463395334316077,garch_1_1
2026-06-04,2.964,-0.010738358221132609,0.8798213406313635,0.1489009663632522,garch_1_1
2026-06-05,2.94,-0.008130126083250176,0.874774012273382,0.14847324711640555,garch_1_1
