trade_date,n,mae,rmse,mape,smape,mean_error
2022-01-05,138.0,0.009805251743437967,0.012209053871744164,0.21539537194636268,0.29522220212265543,-0.00918204853878142
2022-01-07,136.0,0.008579282437381937,0.01142543180028226,0.20678147666962504,0.28944471599724747,-0.007738604584528926
2022-01-10,136.0,0.00973059250387602,0.012711115010102563,0.23621694140383898,0.341508880599275,-0.008942693437066752
2022-01-13,131.0,0.010895924522029074,0.014892640118008291,0.2708561188901337,0.40084375714958925,-0.009984918263139395
2022-01-14,130.0,0.010090040341802988,0.013825727063621769,0.2773629530797944,0.4186499058927994,-0.009571546932703774
2022-01-19,142.0,0.008050488807071746,0.011143748990051968,0.2736079557430761,0.42950484159250907,-0.007683191522268814
2022-01-20,140.0,0.0082050778222529,0.011341914870295396,0.27611359979646,0.42964932457521804,-0.007387528100201525
2022-01-24,146.0,0.009421813320473985,0.012530770608171145,0.32861938873390967,0.5340114544319351,-0.009414717638351545
2022-01-25,140.0,0.011754242876650991,0.015820988367676966,0.3639252940321836,0.5923899386831892,-0.011713150526590756
2022-01-27,127.0,0.015352893395466936,0.019080977206820563,0.2598455918681311,0.3640580171602853,-0.015307897729643492
2022-01-28,129.0,0.018537050490287917,0.020779370521531768,0.2842729816757745,0.40795530825459153,-0.01849701175275745
2022-02-08,130.0,0.008598742876282404,0.011894454626593273,0.1896438126832792,0.27440431508399415,-0.007833525620510436
2022-02-09,136.0,0.006697052258036086,0.009705251088892971,0.1745041871163442,0.25353164145001933,-0.005788499821526273
2022-02-11,128.0,0.006224486607668868,0.008844721240943256,0.19588618901102547,0.2941074159667928,-0.005373906526125349
2022-02-14,134.0,0.0067062563812221275,0.009270844703811112,0.21207763794554152,0.3283972847633568,-0.006469243043495489
2022-02-17,129.0,0.005930159647579395,0.0080456666364444,0.2388853341272776,0.3839699341438624,-0.005462781306373471
2022-02-18,128.0,0.005635312322152379,0.008121984811801056,0.23864630909440565,0.3884671311937109,-0.005028993925412823
2022-02-23,112.0,0.004597273373358692,0.006034828810585913,0.17501129067084337,0.2673373320090097,-0.003812966856539247
2022-02-24,130.0,0.005733256202094193,0.007573804501267553,0.17450088842136458,0.2616733453405211,-0.005365457670538369
2022-02-28,132.0,0.006630295555396404,0.008604845559790117,0.20569234614721266,0.3095117325520331,-0.00650479274498349
2022-03-01,124.0,0.005456288955180046,0.007199782182133036,0.19062168228532234,0.2838643931111174,-0.004154652527050688
2022-03-03,131.0,0.005922245115199727,0.00844279763168754,0.20630001281906496,0.3138907128354016,-0.005594060708007975
2022-03-04,126.0,0.006548196520852305,0.009274358300235453,0.21572313008956315,0.3296049443725828,-0.005984234739487161
2022-03-10,143.0,0.012929766785566408,0.01682260475278699,0.3078578585574114,0.4811342695301901,-0.01291959502311315
2022-03-11,151.0,0.0155774555014705,0.0195023814559603,0.3265226929481728,0.5109726975357073,-0.0155774555014705
2022-03-15,160.0,0.03293089898067072,0.04256403530287731,0.39842203381361385,0.6367887742825991,-0.03293089898067072
2022-03-16,179.0,0.009088936373285818,0.013522371252905126,0.21779579181392164,0.3292062379610612,-0.007292412153647878
2022-03-18,166.0,0.007755453843134968,0.011307786430131072,0.23231861221965958,0.3436558341106277,-0.004827202073542844
2022-03-21,173.0,0.009728468550484037,0.013617299104427123,0.25911761236224173,0.4064834745387155,-0.006860275282014464
2022-03-24,134.0,0.010267321859646095,0.013003765646680083,0.1802098339807068,0.20067618570643342,-0.0018298949421114946
2022-03-25,138.0,0.010718933872136927,0.01358557715228336,0.19116126425994287,0.2369833847151333,-0.006730896324211225
2022-03-30,144.0,0.008676494962105555,0.012359549144389026,0.17448970512700768,0.23393454138304726,-0.00684543677855106
2022-03-31,142.0,0.009761787761115038,0.013466576054876745,0.1949535648242598,0.2693166970406693,-0.00850692225786045
2022-04-01,140.0,0.00898462499795967,0.012191595426630671,0.19630544593057944,0.26666406875216725,-0.0074436332862354545
2022-04-07,138.0,0.00988707631590254,0.013699226792886605,0.22786513606357367,0.33432391252855526,-0.009628138039288296
2022-04-08,140.0,0.0101845639402614,0.013983897113828926,0.22970075047618144,0.33817011814234227,-0.00972278550245537
2022-04-14,133.0,0.010283033048157267,0.014471342676771484,0.25159928135969334,0.3748117818830087,-0.009622714824316522
2022-04-15,132.0,0.01155088386774991,0.015588529183869741,0.27454887150799884,0.41236837069697646,-0.011202855345196504
2022-04-19,139.0,0.012394150078280678,0.016832057923447552,0.2971278619160256,0.45561936755120414,-0.012394150078280678
2022-04-20,127.0,0.016524022184877852,0.021667574521122234,0.3742619398009245,0.5804208522266326,-0.016522896538284374
2022-04-22,137.0,0.0170741220183378,0.022816102488454913,0.37298104896923706,0.5905535335576174,-0.0170741220183378
2022-04-25,132.0,0.021413746164934355,0.02910911955497667,0.42352363673095095,0.6851399935098345,-0.021413746164934355
2022-04-28,140.0,0.015732549059906616,0.023482531182278332,0.24249673057235535,0.34782208178965796,-0.015211590118906791
2022-04-29,140.0,0.014689530398186434,0.021963675235347778,0.2365172836711241,0.3367650832651373,-0.014113194883737726
2022-05-05,137.0,0.014829529242340714,0.022408812906220994,0.26116203322456644,0.3856909793366767,-0.01455143377444057
2022-05-09,144.0,0.016519139792440986,0.02530242735516512,0.2723954197589814,0.4131535874152806,-0.016519139792440986
2022-05-10,142.0,0.01641511927869067,0.02528374731422076,0.28935117503216945,0.4378335720996911,-0.016413283952244607
2022-05-12,135.0,0.017580482882788902,0.026217277268716012,0.32719873002964134,0.5046360235047664,-0.01757863809562143
2022-05-13,142.0,0.016396189778999593,0.025596470883307333,0.30388483420491624,0.4690154552429795,-0.016396189778999593
2022-05-19,141.0,0.01514893925332981,0.024560330039258865,0.32482698441034347,0.5223260845808511,-0.01514893925332981
2022-05-20,139.0,0.012595151998580315,0.021511347463427116,0.2939431057654798,0.4723553056892776,-0.012396218207244625
2022-05-24,139.0,0.012159518737588818,0.020593236495101353,0.3297360738925629,0.5494236788955305,-0.012157991390318087
2022-05-25,110.0,0.01456270480985628,0.023003301894088557,0.2989484273396515,0.47140546041462983,-0.0144816220023139
2022-05-27,128.0,0.012738769461032227,0.019773006397937706,0.2784015920848183,0.4340621332605937,-0.012654939458225292
2022-05-30,130.0,0.013172510241057221,0.02019059421744489,0.29189493168356184,0.45741879324727724,-0.012895848498094217
2022-06-01,133.0,0.014344619260753535,0.02215649243103435,0.30520740293132287,0.4794430047269295,-0.01378183176935696
2022-06-02,135.0,0.014701046169745182,0.022580406395442513,0.31093502479404317,0.48966545628108027,-0.014248005600802239
2022-06-08,136.0,0.01572823387658179,0.022389964007182902,0.35514765919172847,0.5677741623664002,-0.015308835967080396
2022-06-09,130.0,0.015249741990214494,0.022311688453856882,0.36809440133197563,0.5924220907862511,-0.015007523278649888
2022-06-13,137.0,0.015429438742283575,0.02289864445593242,0.3574508705134472,0.5738394088102341,-0.014870669619148645
2022-06-14,134.0,0.015592614936302318,0.022782843618934026,0.3699533034941716,0.5972655841191701,-0.015432915442305588
2022-06-16,133.0,0.014444769235296986,0.020972652993158813,0.37329752770971325,0.6072205600826487,-0.014285656948159588
2022-06-17,135.0,0.014888402044285981,0.021891586137161842,0.37893732620490705,0.6215971491393174,-0.014631098938096086
2022-06-23,101.0,0.018869257003855347,0.024914461457957848,0.2897492635178935,0.40262110804515344,-0.018352110300508637
2022-06-24,101.0,0.01691138378800496,0.023511296335736554,0.2895461113655366,0.408226750964204,-0.016504447409317554
2022-06-28,107.0,0.01779555778762477,0.024472705687648436,0.33224356328941795,0.4948043694691205,-0.01724555862655684
2022-06-29,103.0,0.019271257560626937,0.026359913801750606,0.34950833109714996,0.5217356642730823,-0.01869462263315302
2022-07-01,115.0,0.01834895286305293,0.025380322158973213,0.34947059273540104,0.5361475947066846,-0.017837645950193392
2022-07-04,111.0,0.01922810701012524,0.026209769023011417,0.3783804076770099,0.5897970811062292,-0.018860409709140536
2022-07-07,116.0,0.01846966957705697,0.02481945866216305,0.35504648925304816,0.5466995543050599,-0.017995661290240193
2022-07-08,115.0,0.01763160883763489,0.023735962678025527,0.3570865808427054,0.5523090720585994,-0.017243537982837266
2022-07-13,111.0,0.01718653570980056,0.024130964407611772,0.3602796204148958,0.5570598109359985,-0.016721339608023987
2022-07-14,112.0,0.016736758572264625,0.024808827949815256,0.35325586429240274,0.547638380798377,-0.01646083335675385
2022-07-18,116.0,0.015507700169297822,0.023484828234101095,0.34682133224640876,0.542005932157376,-0.014931806933230634
2022-07-19,113.0,0.016093175444784537,0.02434014985477525,0.3594912097375589,0.5650951059775281,-0.0156817164151846
2022-07-21,116.0,0.014471315773012808,0.022375372636140128,0.345076705047321,0.5445953829682724,-0.014090443822301495
2022-07-22,108.0,0.014473906270785293,0.02193147982988373,0.36365000573979606,0.5777987078165178,-0.014314190416196285
2022-07-28,107.0,0.01817036405941994,0.026251661477499185,0.2945188952617991,0.4315892742058488,-0.01755556384769309
2022-07-29,105.0,0.020626029536261116,0.028555718861696628,0.3104438554856526,0.45294805534224636,-0.020298380877381526
2022-08-02,113.0,0.02459047992793842,0.03210287279336065,0.3425663245664044,0.5136040639946979,-0.024471049850818667
2022-08-03,115.0,0.02216470676336017,0.029515191098140135,0.33469984071228587,0.5011666101632194,-0.02213521395886674
2022-08-05,113.0,0.014887590629024332,0.02310277088923518,0.26785674957498373,0.39880411217120243,-0.013988643691031429
2022-08-08,110.0,0.01564448665094164,0.023767991017477806,0.2909324647599826,0.4357441859723233,-0.014850953402249489
2022-08-11,110.0,0.014530985000451288,0.022427692762948714,0.2763130595874601,0.41458062095696613,-0.013976145655954812
2022-08-12,108.0,0.013471537906472113,0.021034000978178227,0.27267242965066435,0.4154502947684627,-0.012716734050121787
2022-08-17,108.0,0.012092510675923429,0.018783541004647606,0.29585521975498774,0.4645606782591643,-0.011646530371657589
2022-08-18,110.0,0.013446744282042775,0.020222984947290214,0.3072120360965287,0.48297819492164384,-0.012939256237187734
2022-08-22,107.0,0.012008892388065608,0.018443539936846762,0.327572333681532,0.5331163195126942,-0.011569366216157919
2022-08-23,108.0,0.010968472633802294,0.017468631979305198,0.3178899697446952,0.5256179799462972,-0.010363685483236794
2022-08-25,101.0,0.01110983001337307,0.017285815331253146,0.19017327647470283,0.2705124882883117,-0.009726035809024852
2022-08-26,102.0,0.01043390801340414,0.01620334122494682,0.18128465702951332,0.25950868951984046,-0.009091807249432066
2022-09-01,101.0,0.012786366885706576,0.0188885742300555,0.22640898415492383,0.3246693354232085,-0.012256415506782204
2022-09-02,102.0,0.013388612133659711,0.01900447448100628,0.2411364951648553,0.3463442303939431,-0.01283056803011842
2022-09-06,101.0,0.013539411500001926,0.019508159066496344,0.25474226048343274,0.3716272691846479,-0.013159347420566505
2022-09-07,102.0,0.014063190578112197,0.020160855278874422,0.2619634024691943,0.3838927880782112,-0.01336943826630107
2022-09-08,99.0,0.013681446332164051,0.01921279733323965,0.26593324027591003,0.3911361422033324,-0.01335517667559037
2022-09-09,102.0,0.011130112840775945,0.01668788391659003,0.21652882095965706,0.31962888335382045,-0.009838898428203258
2022-09-15,99.0,0.012607435279148024,0.017786118373047114,0.27393472880178954,0.41411327601369724,-0.012096103852826088
2022-09-16,97.0,0.01358795486772176,0.0179879551482742,0.2839765612002201,0.4267372144769711,-0.013225498750269397
2022-09-21,102.0,0.014208742625313278,0.019153340340954807,0.3283471394423293,0.5113751826713917,-0.014151451633083494
2022-09-22,99.0,0.01511917671786927,0.020095230446013253,0.34726007651099855,0.5448304179952838,-0.015055403640886724
2022-09-26,105.0,0.015838930169663416,0.021118761019519906,0.3848168868179148,0.6219726471152328,-0.015823000920135805
2022-09-27,109.0,0.013535204820668357,0.019243139032580642,0.349271567449833,0.5680506309704884,-0.013476429856045897
2022-09-29,102.0,0.017255930136649323,0.022210777036711985,0.2645591965395711,0.3661700310146631,-0.017139574275926644
2022-09-30,100.0,0.016447844534396877,0.021195005951494917,0.26286861170601333,0.3660704536241826,-0.01623290436401015
2022-10-11,103.0,0.01640384725981878,0.021028085346858672,0.30584040844100596,0.45026160778838287,-0.016192776135288328
2022-10-12,105.0,0.01677475206589707,0.02155245160437378,0.3129908510649042,0.46381698941535204,-0.016661559687687892
2022-10-14,111.0,0.01262466724574287,0.017540092626369765,0.2475572608564751,0.36195536719782756,-0.011505933923748341
2022-10-17,115.0,0.012718964127998894,0.018745155015504274,0.2639582813021857,0.396863551228444,-0.011867536869637877
2022-10-20,115.0,0.013791042996062475,0.020008440222464813,0.29124417872481057,0.44770227675178126,-0.013152695906009227
2022-10-21,115.0,0.01460449492057616,0.02080916390684674,0.318846172995436,0.49642496759034116,-0.014195717230511844
2022-10-26,101.0,0.018775166975197734,0.02564759896924742,0.29817873998509614,0.4399069543834551,-0.018208266289073575
2022-10-27,116.0,0.01985122712034157,0.025536264020858405,0.2952267733550921,0.4289720683391511,-0.019538366848690515
2022-10-31,135.0,0.02431316413759935,0.031634794098899466,0.34738390405926683,0.5312436753798804,-0.02417216065036961
2022-11-01,129.0,0.016650867762178816,0.023108873895591783,0.2282074980488931,0.30619583664588723,-0.01394168680869507
2022-11-03,130.0,0.016621615874809866,0.023106750684406114,0.2420132573878494,0.33534262816011295,-0.014397946165914097
2022-11-04,128.0,0.014978484288094774,0.020993997924394308,0.22396854341568517,0.28660813210582103,-0.011214141721689105
2022-11-10,131.0,0.016057372552780978,0.0226221449617923,0.27846019184672344,0.41152743024655963,-0.014710011723729878
2022-11-11,127.0,0.014077818358736081,0.019728563964656137,0.2561766295906417,0.36029738581974263,-0.011306044833528092
2022-11-15,121.0,0.016927670097229966,0.024160020762327986,0.32271744740017594,0.48416846232266875,-0.015082304244870509
2022-11-16,128.0,0.016015475884927945,0.023252284942912375,0.31438906300287917,0.476188856954489,-0.014431853133897263
2022-11-18,128.0,0.015948022402866743,0.022715340577882773,0.3285603454923563,0.50873049236317,-0.014561733765934691
2022-11-21,125.0,0.018029524037087387,0.026222570107685417,0.36401691377413664,0.574431040326401,-0.01659584785331146
2022-11-24,122.0,0.02100251584277259,0.026852422145648876,0.3201860613194307,0.47160238207407157,-0.019947761713921545
2022-11-25,120.0,0.02029328752045582,0.026292507168796324,0.3290298217649598,0.4875413433080074,-0.019004705375218065
2022-11-30,115.0,0.019999602711051407,0.026560381910886745,0.32047318551821896,0.46206119033169385,-0.016642440131365902
2022-12-01,203.0,0.011922256850491067,0.016250739420414047,0.1947714113229536,0.2714791644222489,-0.011875460364636473
2022-12-05,205.0,0.009820966776574945,0.01360931462170738,0.19831557963557167,0.2818737472086188,-0.009343749116014486
2022-12-06,213.0,0.010722673525367956,0.014604252541887228,0.2142276719417878,0.30578322804658303,-0.010624411045442053
2022-12-08,217.0,0.011289719198737292,0.01494092919256274,0.23250532643381427,0.3336781671455869,-0.011282362520915206
2022-12-09,220.0,0.00993942477548248,0.013522837115474577,0.23158337943622265,0.3414063230738873,-0.009922368434760727
2022-12-15,215.0,0.010399076928751385,0.013492932954887987,0.25344604071387483,0.3791091389562315,-0.010324592494090182
2022-12-16,216.0,0.009790260040786244,0.012971858232694306,0.26302389217566313,0.40012917358391537,-0.00978845608005221
2022-12-20,211.0,0.011016465747677893,0.014797001132931397,0.2786603438215007,0.42414866818654984,-0.010915620840834899
2022-12-21,207.0,0.010593831051452353,0.014227502681556661,0.27765140289829704,0.4258729375513133,-0.010492662277363098
2022-12-23,205.0,0.01195087764323391,0.016468799110849607,0.3055656026550413,0.4739240893125492,-0.01170270104607394
2022-12-26,205.0,0.012128253424006535,0.01703401715939215,0.33462443239303447,0.5335249916904856,-0.011950582438306729
2022-12-29,171.0,0.011231842003990342,0.013669119968571264,0.20598167182946242,0.2705265621027801,-0.011119064202513487
2022-12-30,171.0,0.011837413637668175,0.014716251830812196,0.2062346448465161,0.2722110978743495,-0.01131954097632939
2023-01-04,174.0,0.009284293285566457,0.01139835378115701,0.20967809975950816,0.288219616634316,-0.009278870555553329
2023-01-05,173.0,0.007950001466754775,0.010058249907503182,0.20049620651739863,0.2866684792702662,-0.007884972772494116
2023-01-09,183.0,0.01004377395106297,0.011859695855354778,0.2616293583844731,0.38773541729588584,-0.009991851845135595
2023-01-10,184.0,0.010483270915866096,0.012383696409490205,0.26372403522532223,0.38996474284805155,-0.010483270915866096
2023-01-12,172.0,0.00947570023638218,0.01141231626263815,0.28767398517886866,0.43726841369344455,-0.009424861203569756
2023-01-13,172.0,0.006257312387082968,0.007799076775723078,0.2572881770443061,0.39822768488628013,-0.005578641913569623
2023-01-19,185.0,0.010875482068352399,0.01379836638072809,0.3469008084446606,0.5355419999580712,-0.0102199071366691
2023-01-20,171.0,0.00974913990447583,0.012201858157799958,0.37982827958716214,0.5877512664290042,-0.009180867616939236
2023-01-30,141.0,0.011130348724780038,0.012971156867966158,0.3316217472609283,0.5206889866260294,-0.011130348724780038
2023-02-02,155.0,0.012214835797216054,0.014509141827991488,0.3153701514920178,0.4788867726430997,-0.012214835797216054
2023-02-03,168.0,0.011245296765513219,0.013527482292399869,0.27552803131329173,0.41022496996545194,-0.011245296765513219
2023-02-08,168.0,0.010782769587358885,0.012747963067360611,0.27898699765902596,0.420384837795838,-0.010782769587358885
2023-02-09,166.0,0.009692634586033956,0.01178363503818265,0.27173104025565875,0.41069361037515695,-0.009692634586033956
2023-02-13,167.0,0.00905501222548245,0.011209019768408905,0.27971965585128644,0.43368494535715757,-0.008952921522842133
2023-02-14,166.0,0.008125409186473259,0.010059099970109583,0.2809821148537236,0.4425916396195899,-0.008123593501819777
2023-02-16,160.0,0.006913734316474201,0.00883056736936213,0.2724364205194183,0.4346597347059663,-0.00686073230939972
2023-02-17,168.0,0.006831041346778318,0.008395846497601694,0.2606032222197642,0.41525649245056395,-0.006821911983217786
2023-02-23,162.0,0.006193153012313785,0.008119031988156417,0.1923426310310129,0.2885818835706392,-0.006127669989879264
2023-02-24,163.0,0.006719290601936983,0.008698335510197344,0.19419328751332324,0.28484911651225725,-0.006699643872504353
2023-02-28,159.0,0.007302203993748413,0.009453445668644886,0.22723657710314918,0.34392157679814184,-0.007111798877848346
2023-03-01,164.0,0.007219755312637754,0.00944289803992001,0.21655626231346936,0.3308991945665452,-0.007037446468621164
2023-03-03,161.0,0.007949334207256744,0.010127237416490744,0.24987643974744939,0.386434190747099,-0.007876276222335618
2023-03-06,163.0,0.006788552436859476,0.008910795014855187,0.237627241057919,0.36926141006774127,-0.006732387195405157
2023-03-09,160.0,0.0070952029610035165,0.00936575098547782,0.26126853111633636,0.4072703954896931,-0.007059677673655565
2023-03-10,167.0,0.007297455759464198,0.00969650199306252,0.25886747388127757,0.4053470617709025,-0.007287530162598479
2023-03-15,162.0,0.006682154190845181,0.008880136763418313,0.2838574853461072,0.4601313850145146,-0.006565569863525888
2023-03-16,158.0,0.007642382888855253,0.010655554445021411,0.3049474965736475,0.4952855973791272,-0.007198222813886934
2023-03-20,161.0,0.007122151231874201,0.009897844936473811,0.33395385799856186,0.5610332161202918,-0.007023820450921612
2023-03-21,163.0,0.005362992028669181,0.007376514658209037,0.3127427189034762,0.5334674411941179,-0.005344735619463786
2023-03-23,128.0,0.005164910768592829,0.006599877790904814,0.13210445191639264,0.16960601152791324,-0.005060788953085612
2023-03-24,128.0,0.0055412992513964,0.007297759568535649,0.13389423924544055,0.17206607688653486,-0.005143241473829194
2023-03-30,126.0,0.005436327382368135,0.007022214615488772,0.15482352670820665,0.20651781731993638,-0.005348831011360828
2023-03-31,127.0,0.005904673683402938,0.0077713873069894185,0.15783374134456715,0.211965400179673,-0.005686337888313648
2023-04-03,127.0,0.006930234251700488,0.008596295561395462,0.19576781953078573,0.27148684486385083,-0.006840065108576525
2023-04-04,126.0,0.006882138561943207,0.008385617750965668,0.20024698529399762,0.27911901268574196,-0.006836280214398874
2023-04-07,129.0,0.006390917479266215,0.008060888958273688,0.19532654044989223,0.2763057893330091,-0.006335778547285795
2023-04-10,127.0,0.005967051528281527,0.007480350920486286,0.20904413429545698,0.30320041524017044,-0.0059119021391226744
2023-04-13,127.0,0.00346058459257846,0.0050465901955341645,0.16781136029862181,0.25399303290196457,-0.0032509667049912343
2023-04-14,126.0,0.002482318296831407,0.0039048180242079455,0.1519842420513192,0.2360272313305456,-0.0023990416720195877
2023-04-19,127.0,0.003655570973404569,0.005218221955955058,0.16114997912320866,0.25016055257967473,-0.001125485239340628
2023-04-20,126.0,0.00290629648280434,0.00489620163343674,0.15563767065782627,0.2457757199599054,-0.0006021070116203247
2023-04-24,122.0,0.002810488618750358,0.003734528323443898,0.19044381061035404,0.3102748372370422,-0.0013958903807002776
2023-04-25,124.0,0.0028606821597466927,0.003735731689517525,0.20734322572402447,0.3399091544646623,-0.0017090467765000443
2023-04-27,122.0,0.0055733367900934515,0.009223184829247022,0.12934951975565062,0.15550420347558205,0.0029078631101613567
2023-04-28,123.0,0.006237481309725583,0.009396838736929173,0.14311239774125814,0.16855129829671167,0.003075641321478668
2023-05-04,123.0,0.005776249480088915,0.010454495506594323,0.149701603796157,0.1946602484039049,0.0033185455243574438
2023-05-05,124.0,0.005988602055783941,0.009845372272092335,0.15282250621464824,0.20214526837956243,0.0029808463371663076
2023-05-09,126.0,0.005587313367188464,0.008553243409366142,0.1567697829400507,0.2307564190674309,0.00046165917197529485
2023-05-10,126.0,0.006605843689173615,0.00913576910130953,0.15939274093544595,0.22867037092371414,0.0002014266937753432
2023-05-12,122.0,0.00645343596272763,0.009224023330199328,0.16361753706997625,0.23738687962301497,0.00019100333098873805
2023-05-15,122.0,0.005821570857217122,0.008949389683344812,0.17705974986424214,0.2477441103484259,0.0021490274262752317
2023-05-18,122.0,0.006416059880360335,0.009246159545829918,0.1883207941309942,0.2864207876523048,0.00046050486089629347
2023-05-19,121.0,0.006223107553515792,0.008839572263632247,0.19509326824581816,0.30273491552032833,0.0006146604790313357
2023-05-24,49.0,0.009883279405748872,0.012108008819911139,0.12663786982897682,0.144260628481582,0.003623151905744917
2023-05-25,116.0,0.005839038653192385,0.008299209866893377,0.15229429298602873,0.20987518043928316,0.0010313513912853208
2023-05-29,73.0,0.00859287212619467,0.010635678878468561,0.121576490973208,0.13756770828917542,0.0012263653928852398
2023-05-30,121.0,0.005429504576797686,0.007867181332259852,0.17756631104555198,0.2551105705756308,-0.00017653161268909676
2023-06-02,128.0,0.004898474988983742,0.006551771780170942,0.16124137798288607,0.22893723741014285,0.0006978997186890648
2023-06-08,211.0,0.036226386601726876,0.07539404335967355,0.5034821565486931,0.9473789109007721,-0.03438992479309723
2023-06-09,206.0,0.033510868343656734,0.07071573623243214,0.5144511412981837,0.9701780634525812,-0.03127357155137479
2023-06-13,206.0,0.031063630036029913,0.06650394861494564,0.5267953810855223,0.9968274173292561,-0.02896841846690194
2023-06-14,210.0,0.030818574991812557,0.06650436584160055,0.5203035433067253,0.9873812957907235,-0.028777668395057916
2023-06-16,143.0,0.03972621998616137,0.07340010290741447,0.6193972734881116,1.1980184913087493,-0.03603349479174303
2023-06-19,204.0,0.027577995479110832,0.06023442484034445,0.5334303338788788,1.0124444149712968,-0.024451993584005554
2023-06-20,117.0,0.04588891566717369,0.08086045585325329,0.7350984632356828,1.440816573150707,-0.04452157088441754
2023-06-21,204.0,0.03375136801219978,0.0703202601113564,0.5445762490681285,1.034508712887087,-0.03086601794436101
2023-06-28,135.0,0.042849729737905566,0.0822045536949485,0.5204833990641561,0.9809177058855697,-0.0387866129202774
2023-06-29,168.0,0.04307120515869691,0.08296045015272471,0.5322359474601313,1.0102882523502368,-0.039729487054908655
2023-07-03,171.0,0.04077484286531591,0.07938039672600834,0.5242565783832871,0.9896830113936634,-0.03697425258508162
2023-07-04,174.0,0.038431403614950545,0.0759288744226638,0.5217148649479398,0.9798774408471762,-0.03459325156487285
2023-07-06,171.0,0.04200640435783671,0.08196385226799238,0.5276668858893643,1.0039401237904577,-0.03914234259164256
2023-07-07,171.0,0.044438835577457515,0.0856687403858459,0.5312926530796334,1.0126744095358764,-0.04193480885010749
2023-07-13,176.0,0.0424199997116167,0.08408729883817773,0.5468797890784509,1.0375643533046222,-0.03898611537185754
2023-07-14,174.0,0.042825875747364656,0.08439126439229518,0.5525548955200047,1.0508504147601971,-0.03961065191034655
2023-07-18,174.0,0.045046010786274474,0.08821803903108018,0.565826835889666,1.0802071839636571,-0.04207636332656815
2023-07-19,175.0,0.04619017066880407,0.09045638513020049,0.5640905934676069,1.0796781560856172,-0.0434803822365249
2023-07-21,33.0,0.05068608190910666,0.09503317404205319,0.7996223773834588,1.58775527762898,-0.04977197130197849
2023-07-24,176.0,0.05311042209930506,0.10303443992955709,0.605726985622535,1.1633193651203049,-0.050749173742836266
2023-07-27,133.0,0.06218084765701025,0.10598299121599063,0.7047479341827341,1.3421568859414057,-0.05657663322642429
2023-07-28,177.0,0.04594836128537033,0.08903007028557469,0.5538180335517009,1.035168860598834,-0.039071745420849624
2023-08-03,188.0,0.04112943042784549,0.08275892362029254,0.5308830732292706,1.0057145814768402,-0.03818387522434896
2023-08-07,185.0,0.041815857722198806,0.08245328666669673,0.5584166238204009,1.059968410827026,-0.040016369388507694
2023-08-08,186.0,0.04225357247632965,0.08331929599387225,0.5622082000952386,1.0666475615319257,-0.04098214126801734
2023-08-10,184.0,0.04460901514325141,0.08721949616463083,0.5829342833246837,1.1036341882804208,-0.04381015031436676
2023-08-11,183.0,0.04830787896746995,0.09250659903316834,0.5644844647133757,1.07427242342123,-0.047169682884611194
2023-08-17,192.0,0.05555788939626746,0.10589818511071762,0.6193418636988297,1.1827796706016793,-0.054786321980140745
2023-08-18,196.0,0.055645408316902234,0.10578009407574473,0.6162353124490867,1.17494269503054,-0.055207557910647014
2023-08-22,153.0,0.07340994343048518,0.12784868257259518,0.735716658979828,1.4353246602609833,-0.07316295907985045
2023-08-23,153.0,0.06513215455699053,0.11792896970662932,0.5805828590857628,1.093815110451662,-0.06452714062424884
2023-08-25,192.0,0.06317461108290534,0.115173251259196,0.599946069008697,1.128900581517252,-0.06278419652343485
2023-08-28,193.0,0.06130175920720853,0.10957857592147652,0.6184495618962289,1.1558527092398836,-0.061051633839612755
2023-08-31,70.0,0.032444978916681744,0.06457886056778371,0.6287837338287597,1.208717378900041,-0.03180034784629422
2023-09-01,194.0,0.0467449151805813,0.09186595130165436,0.5864653095393311,1.1173522696104121,-0.045440007055648046
2023-09-07,194.0,0.0540226709966109,0.1032029055940141,0.5872151234437444,1.1210640240643233,-0.052599074222865264
2023-09-11,187.0,0.0547305733985104,0.10430326249960652,0.5981133355721384,1.1467345403345568,-0.05328515010757492
2023-09-12,194.0,0.05364848027844326,0.10359746387942795,0.5963311902008575,1.1401069404349995,-0.05213197803581043
2023-09-14,129.0,0.06494834263299276,0.11607066242159543,0.6586957427782819,1.2792078769852901,-0.06322603582185818
2023-09-15,196.0,0.05861237648852533,0.11126837248379122,0.6080161430478961,1.1582054735427227,-0.05690659712294005
2023-09-22,192.0,0.06099840663372844,0.11599397006216076,0.6210042411829519,1.1874401444775327,-0.05868601540267424
2023-09-27,139.0,0.05878617411821015,0.10983851346318943,0.5683505203481074,1.078870983934568,-0.056582601805972604
2023-09-28,176.0,0.05260086626019267,0.10105277126060876,0.5590229241685937,1.0653258885300034,-0.05063520901309181
2023-10-12,175.0,0.04834497898888793,0.09557632240412657,0.590490528293629,1.1152719470839156,-0.04547175361113501
2023-10-16,21.0,0.05949110688092399,0.09543100587491582,0.9210149289009552,1.8285872479811098,-0.05949110688092399
2023-10-17,179.0,0.05236792445415382,0.10207951577382911,0.588368653270787,1.118182407860038,-0.05013797370007525
2023-10-20,192.0,0.05496449930971297,0.10460134166651051,0.600046772903195,1.128291764286376,-0.053386626952998506
2023-10-27,184.0,0.0539097972685051,0.10306219066158766,0.5721860606399978,1.0673120030745162,-0.04984728362447592
2023-11-01,185.0,0.051625424266579595,0.09780545032953038,0.5886326179976332,1.0993367695397545,-0.04791798851008279
2023-11-06,183.0,0.04842156695718066,0.0938974402405254,0.6048839985175377,1.1296120165202923,-0.04427618339936379
2023-11-10,186.0,0.04831944713037153,0.09294513812800928,0.609089922607587,1.1435552582735558,-0.04475352248357125
2023-11-16,187.0,0.05051090465691566,0.0957740056786666,0.6285674380308135,1.1808382325813562,-0.04684580885674467
2023-11-21,184.0,0.05183285695095005,0.09800175964425928,0.6616056724392543,1.233262707838948,-0.04691754193543252
2023-11-24,179.0,0.05639751228169295,0.10378951985439201,0.6347138511927043,1.1468028042600422,-0.05083944650445992
2023-12-01,257.0,0.037498706144276535,0.08736225785848226,0.43974510444433657,0.812891721218992,-0.03225516895196484
2023-12-06,283.0,0.03563574933467598,0.08730823926964114,0.4180622814016245,0.7884531200037772,-0.033440970510253805
2023-12-11,268.0,0.033955816204289564,0.08436105904111293,0.46911431789276775,0.8834852813241755,-0.032424144783652846
2023-12-15,283.0,0.03618349095855747,0.08786225061181226,0.4636563795943517,0.874128242529775,-0.0359047184244373
2023-12-21,268.0,0.03996665467246257,0.09317281688932293,0.5245931780762343,0.9832669235660477,-0.03906135752446991
2023-12-26,266.0,0.044393299409856195,0.101429695903122,0.5474937310750526,1.0336934598807612,-0.04330039011371497
2023-12-29,245.0,0.029962185608035066,0.07088320785029883,0.4334028656887624,0.811526841275815,-0.027318961085670272
2024-01-05,246.0,0.037680198395537115,0.08641938420300979,0.46104043509537873,0.8666270705440183,-0.03702892473948354
2024-01-10,253.0,0.04545569740296285,0.09830370791404418,0.5377609697377086,0.998445599493185,-0.045255987702306856
2024-01-15,258.0,0.04481276631558548,0.09954431794246746,0.5320997895777081,0.9954494386788452,-0.044758418011745384
2024-01-19,259.0,0.04938180384475217,0.10462117956757692,0.5430300651664787,1.0114178075228573,-0.048694844954585335
2024-01-25,233.0,0.0484105372676428,0.10408812211335469,0.4737040429445111,0.8951193892837318,-0.047988814765788645
2024-01-30,238.0,0.06720768603908071,0.12935420250296836,0.5340286736596768,0.9885108534285426,-0.06719377541455493
2024-02-02,247.0,0.07905357306185676,0.1403750695935518,0.6180969544786606,1.129835934551066,-0.07904310857722671
2024-02-08,254.0,0.0540638287613335,0.10686391856738667,0.5583522572753948,1.030076789967001,-0.05382017468955896
2024-02-19,244.0,0.052702290082261016,0.106201095993153,0.5890445845295482,1.0940219444992685,-0.05223387499500928
2024-02-23,250.0,0.04974014752849984,0.10311013865122953,0.5941398118308473,1.1064533850902836,-0.04972760912695891
2024-02-29,242.0,0.04147896903950607,0.08719142745001643,0.5497155082327809,1.0163647192226097,-0.04147896903950607
2024-03-05,235.0,0.041264346685564716,0.08631228867193481,0.5789890479061418,1.0800605073115188,-0.040796228213621735
2024-03-08,249.0,0.039938406379325206,0.08927269487150906,0.528214455947795,0.9984796276013578,-0.03956000057338055
2024-03-15,249.0,0.03742074648971206,0.0862812260472637,0.5435178744821512,1.0336463971770953,-0.03730515020584699
2024-03-20,245.0,0.03573475191853635,0.083012050289068,0.5709226811422069,1.0875580081375094,-0.03569782909526134
2024-03-25,246.0,0.04134384508046456,0.0931186876903737,0.5888183006172804,1.1271528354471698,-0.041336283445176
2024-03-29,206.0,0.04220816915009249,0.09147732740928706,0.5092442787879038,0.976983058851825,-0.0419341096472348
2024-04-03,211.0,0.04135567512238284,0.08973855667039513,0.5015318293450568,0.9609641986675834,-0.04066294785445005
2024-04-09,210.0,0.04394734585678919,0.09552924955582585,0.5090464849158121,0.9781641051749297,-0.04352969382885948
2024-04-12,210.0,0.04636297359693783,0.10009864692971698,0.5213009502741238,1.004368815056047,-0.04601389697644894
2024-04-19,211.0,0.04775834253747321,0.10207631683010905,0.5302208933147198,1.022658503062559,-0.04735885160718697
2024-04-24,168.0,0.0459130088280291,0.10167546207929698,0.48746752508452945,0.9370133334451844,-0.044702276169387746
2024-04-29,209.0,0.03660336146251321,0.07945429016691782,0.5174922818061646,0.9822955119472645,-0.03428355335428598
2024-04-30,210.0,0.03862473285195006,0.08271670450075565,0.513020882325748,0.9734100492335735,-0.03558869379983958
2024-05-09,217.0,0.03473446795467013,0.07807189804188232,0.5200739756328151,0.9852407161302204,-0.03147700977269583
2024-05-14,212.0,0.03867075731815773,0.08475072958216928,0.5403280970217361,1.0306085634789255,-0.035578613825294314
2024-05-17,206.0,0.04143626500172857,0.09040847096240184,0.5716834881138448,1.0792918713196233,-0.03783483216422434
2024-05-24,208.0,0.04612105715182541,0.09634478662726735,0.5167486748385121,0.9690990903723715,-0.041341939385769313
2024-05-29,208.0,0.044709280730588934,0.09433086760947881,0.5483684610541933,1.0076274866710107,-0.03989842448301266
2024-06-03,208.0,0.04129718170783292,0.08958579191338563,0.5431593478679584,1.0141588112556261,-0.03723095819521765
2024-06-07,207.0,0.04266018059469515,0.0917689061307527,0.5444927731296585,1.0316685538111112,-0.03930608199664582
2024-06-13,207.0,0.03895817376459049,0.0853599744094141,0.5671988557618138,1.0730642338899496,-0.03543501385028233
2024-06-18,204.0,0.039913921628585994,0.0871292285205252,0.5915289988775595,1.1244084988520484,-0.03649847134823774
2024-06-21,203.0,0.039878582593172916,0.08754766030304496,0.6076307354228612,1.1557291984177656,-0.03655969137407254
2024-06-28,167.0,0.04710747297759161,0.08915946288027533,0.6023514980758785,1.096649037362193,-0.04105833225799392
2024-07-03,172.0,0.04937482051085674,0.09455955072312126,0.6408211416953373,1.1307777153997645,-0.04266521084485089
2024-07-08,177.0,0.050160112646885,0.09701146520233163,0.604949417006266,1.1236586918546463,-0.045499821208680805
2024-07-12,175.0,0.044401273238181965,0.08836342190518715,0.6624097386342026,1.1833839389220748,-0.03855647460967375
2024-07-18,162.0,0.04549886556580738,0.08715933600730538,0.7454300866203548,1.3358614603493706,-0.039882667050054624
2024-07-23,175.0,0.044692652113686275,0.08765997531418512,0.6912200820504688,1.2552250255457968,-0.03955334252868224
2024-07-26,169.0,0.04943671589970479,0.0904307725581531,0.6296715994747867,1.132855281021507,-0.04158365280633708
2024-08-02,175.0,0.044621358174054944,0.08349212139132237,0.6172155777998409,1.1217213434640585,-0.038032918746148066
2024-08-07,176.0,0.04990141618532396,0.09193339907185223,0.6224152275519764,1.1436010196675568,-0.04405307408613914
2024-08-12,172.0,0.05093604608034998,0.093697801802351,0.6651276798741278,1.1998777382212638,-0.04409656420938904
2024-08-16,170.0,0.05129758936619162,0.0943483889045909,0.6907779160279877,1.2344981446459153,-0.04377724794172026
2024-08-22,169.0,0.05749188214238802,0.10357628356186098,0.7070802731520308,1.2743766514033095,-0.05060241475335902
2024-08-27,166.0,0.06175068855373345,0.110893439888532,0.7483298355345861,1.3495440071676796,-0.0555061893538675
2024-08-30,168.0,0.05193687175122977,0.0964158132182172,0.7047066026554918,1.2029761090532236,-0.04361889556020458
2024-09-06,175.0,0.05899589696194308,0.10735746185951701,0.672940527973043,1.179022265729562,-0.05286388543442109
2024-09-11,185.0,0.05764110688627361,0.10812875397209798,0.6380248167333091,1.176046451215893,-0.05384585919540814
2024-09-13,186.0,0.06036174476141696,0.11144081746520042,0.6474086204557604,1.178019139481615,-0.05512437872938159
2024-09-20,180.0,0.06427834804661536,0.11716734502118421,0.6923776268769619,1.2539143276798908,-0.05934200813470704
2024-09-26,162.0,0.045315606915775096,0.08512923793790235,0.6579377408074509,1.1884553371206048,-0.03814888272237651
2024-09-30,218.0,0.03179371659960545,0.04796246756084359,0.5763556175986028,1.0693827628757597,-0.03178214989744495
2024-10-11,294.0,0.07131348911989843,0.13241640241641178,0.6030165108542287,1.1265507136851107,-0.06779815497092168
2024-10-16,290.0,0.06974632047236921,0.13235895890087657,0.7000902288648113,1.1986883377693123,-0.05882818237173641
2024-10-21,290.0,0.053281913719346936,0.10183416367181009,0.6675281444810002,1.25415787529444,-0.051081598155522524
2024-10-25,254.0,0.06208931169450343,0.10751856905428583,0.6528574941274425,1.2085203913665885,-0.05993167534408703
2024-10-31,260.0,0.07160796483259962,0.1162672739950811,0.7002496446184828,1.301489206975842,-0.07128509511657896
2024-11-05,254.0,0.07097548232725276,0.11364416533213988,0.7460140697926773,1.3970449175307824,-0.07076988273349508
2024-11-08,262.0,0.06144059178161669,0.09901602535499293,0.7244028991227228,1.3554048907427685,-0.06106374289741475
2024-11-15,266.0,0.05795169505347296,0.10085640703176982,0.7035930172402377,1.3255789609834685,-0.05733428107782038
2024-11-20,263.0,0.057044104295437464,0.09947903782267571,0.7315009928072516,1.3836195860447134,-0.05646238342357394
2024-11-25,267.0,0.06199910736737958,0.11168412884265429,0.7174241739017055,1.3555867752893498,-0.061245895401906635
2024-11-29,230.0,0.060189814206042025,0.0984112975310257,0.7226537060212241,1.343339193655017,-0.059157074991177096
2024-12-05,325.0,0.04733488730964693,0.0842578521694746,0.5760613701552184,1.0397177181859723,-0.04733488730964693
2024-12-10,320.0,0.047111735243916555,0.08226211112855851,0.6056973159030379,1.0946381471197735,-0.04710361726600218
2024-12-13,327.0,0.044976687588218225,0.08387606525356689,0.5698796012191548,1.033768963384677,-0.04494387000931063
2024-12-20,328.0,0.0401560788701864,0.07893897520999205,0.575848196394839,1.0598859763284485,-0.040135046473121744
2024-12-25,229.0,0.04559985467378266,0.08267233154345446,0.5460221861240497,0.9773182312076855,-0.045598951500216645
2024-12-30,270.0,0.0400877381645826,0.07658452857479821,0.5315799850012264,0.9676158345012579,-0.0400877381645826
2025-01-03,284.0,0.05134986162936331,0.09839461662387976,0.5260704761537004,0.9554399294166807,-0.05134449391176748
2025-01-09,285.0,0.04389155718020211,0.08988337415000734,0.5234127258085938,0.9661707220403466,-0.043844635417660795
2025-01-14,291.0,0.04297669511873733,0.08703233564613115,0.5430607376663497,0.997918825272736,-0.04297669511873733
2025-01-17,289.0,0.04620359958243117,0.09057943467598184,0.5733593115214158,1.0548346068412975,-0.04620359958243117
2025-01-24,264.0,0.052595831288842605,0.09470132025512747,0.5662540571090465,1.0319659383807473,-0.05258457894463758
2025-01-27,256.0,0.056257489547466004,0.0994846753049135,0.585915777238662,1.0670837371634807,-0.05604498683044999
2025-02-07,262.0,0.039271855509472944,0.08044081033331424,0.5394565730371745,1.005919942798967,-0.03926954958983916
2025-02-13,262.0,0.03689677889164894,0.07735297908056266,0.5395168241240567,1.0156299701671059,-0.03687034775100099
2025-02-18,255.0,0.03788818740601983,0.07906932234674942,0.5713870805919666,1.076570057710988,-0.03778797666836313
2025-02-21,264.0,0.02523780473553321,0.05665956482007187,0.5379670724658485,1.027448230687236,-0.025221756949875985
2025-02-28,263.0,0.04012780027099988,0.08344588043568828,0.5309563598669288,1.0113249104872135,-0.03997954214129002
2025-03-05,269.0,0.036290750842286085,0.08115080911560466,0.514266799831388,0.9956373575574415,-0.0355687159258937
2025-03-10,259.0,0.03305848185545422,0.0740460781687049,0.537175975359087,1.0387817366886325,-0.03164736288626742
2025-03-14,254.0,0.03615044073035394,0.08046216446040828,0.5515137334033546,1.0675677413068594,-0.03543905937499537
2025-03-20,273.0,0.03613914783069641,0.0826825600956894,0.5386673709729699,1.0413326348544343,-0.03592415796573958
2025-03-25,267.0,0.041160509287572644,0.09363961272051365,0.5776008745870613,1.1208435666885297,-0.04011517638759169
2025-03-28,211.0,0.04780693761846559,0.09734885301225149,0.4912974244636956,0.9283221746875863,-0.045433437917402245
2025-04-03,215.0,0.04880420400983787,0.10075657399106089,0.4915728302247992,0.9452074136794749,-0.04814541337094069
2025-04-09,235.0,0.06608066286946102,0.12263268752199707,0.5407947440832177,1.0075595989815582,-0.06322279139327772
2025-04-14,234.0,0.051492423689394135,0.10444055285106965,0.5458701176360915,1.0072588500226074,-0.046022280738516184
2025-04-18,222.0,0.05411370750196887,0.10651325206814245,0.6007142510339918,1.1129496005901103,-0.049536165386715375
2025-04-24,212.0,0.05772470794534865,0.1077209619722752,0.5537242044761976,1.0237381925937683,-0.052027796934227766
2025-04-29,211.0,0.05789343822675541,0.1074047977996785,0.5692046090792782,1.0549546076340162,-0.05300222970245544
2025-04-30,217.0,0.05445311106574316,0.10347277614469755,0.5498338292405641,1.0279441806238085,-0.05018918891331894
2025-05-09,212.0,0.05201726738302174,0.10002749183848013,0.5827048545566009,1.0754863773719079,-0.04573765750619976
2025-05-14,202.0,0.052851082241147956,0.10125828370972657,0.6103418374075393,1.1547267732547546,-0.04865081718161053
2025-05-19,207.0,0.05520120562690692,0.10554852302065011,0.6361558970281534,1.16467479250068,-0.048321125755775844
2025-05-23,212.0,0.05713243321586206,0.10970082011884134,0.6210359344888826,1.1688936140411517,-0.05268505767713275
2025-05-29,212.0,0.052660831739304026,0.1049391346543728,0.5520345480698344,1.0402423937901528,-0.048353589488003064
2025-06-03,212.0,0.05352167873289432,0.10580375901650596,0.5666917733614867,1.066058642112232,-0.04893958623784985
2025-06-06,205.0,0.05348738851782371,0.10449121484575201,0.5967477371559379,1.1254465497706996,-0.04940766665764119
2025-06-13,201.0,0.060141400223260755,0.1136933831078425,0.633807216189133,1.1938330894436053,-0.056574318223531435
2025-06-18,210.0,0.057173218939991916,0.11298824961738266,0.6094747803903405,1.1633136627140093,-0.054677211957279676
2025-06-23,201.0,0.06048607387962052,0.11736817451483768,0.658377022468441,1.2577330076037114,-0.05713671474487169
2025-06-27,173.0,0.05275820390740575,0.09835046418102338,0.5976256533568636,1.1127520428000637,-0.047801134720156103
2025-07-03,168.0,0.055665392899446754,0.10105275489756871,0.6347796799758131,1.1832029124950663,-0.050651095422958946
2025-07-08,171.0,0.0529433423970527,0.09900754197667341,0.630148917697957,1.1898328777308982,-0.04963119247016365
2025-07-11,172.0,0.051622869407754145,0.0969608370624852,0.6400144174616257,1.2113110082686598,-0.049197409954119184
2025-07-18,167.0,0.046848973500532125,0.0906663652147859,0.668332006401927,1.269476460693725,-0.04423041027151908
2025-07-23,137.0,0.047648884329926255,0.08820820347345794,0.6519249952520132,1.2167508192306276,-0.04525444124832882
2025-07-28,180.0,0.05180950748389562,0.08705427008678322,0.6668313771797578,1.2441515442727216,-0.04770595703421381
2025-08-01,191.0,0.054417823419106844,0.0948712743548928,0.6196298720720252,1.162193273299976,-0.049515050953420334
2025-08-07,181.0,0.0506092398083789,0.08803450393813826,0.669401134465656,1.257179328565878,-0.04578039934550178
2025-08-12,183.0,0.047260196819360764,0.0837576520922007,0.6687253381506685,1.2629633901559483,-0.04298879335664637
2025-08-15,188.0,0.041979004596902514,0.07389089781667496,0.6790461440030957,1.2860913324108487,-0.03976093716963626
2025-08-22,198.0,0.03362813932024015,0.05919334726248734,0.7263165513883406,1.3833466130294436,-0.03174584829138063
2025-08-27,177.0,0.05651533584973404,0.09293724777178555,0.7234681459183007,1.369063164874049,-0.05504225767856532
2025-09-01,225.0,0.05789750083296451,0.09693081267840153,0.7387522803573418,1.4067127634641494,-0.05702383771642566
2025-09-05,222.0,0.07529792139182338,0.12873577407443304,0.7348873967717339,1.406210370330173,-0.0735832972651289
2025-09-11,221.0,0.06094924057656459,0.10727398995230761,0.7478312731574036,1.4368853236862866,-0.05950591882019133
2025-09-16,225.0,0.05481480684909479,0.09688237662923237,0.7529388430722009,1.4442866259367393,-0.05335459061295134
2025-09-19,222.0,0.05383219267156549,0.09560532258485206,0.7591397340672612,1.4590989695214889,-0.052593754370154636
2025-09-26,199.0,0.06731397539816747,0.10853368983075808,0.7453047550892055,1.4233902124975626,-0.06573778511367528
2025-09-30,199.0,0.05802873071648937,0.09446503710728942,0.765305520305461,1.4643625857339584,-0.05655008840447132
2025-10-10,218.0,0.07281345493474095,0.12156951130192878,0.7675042311387638,1.4710716106600685,-0.07144805543736213
2025-10-16,213.0,0.08379337083031956,0.1387632494277892,0.8038102079768153,1.5502670175796052,-0.0827644307159212
2025-10-21,256.0,0.08484324851006289,0.13886783345514186,0.8263483934778544,1.6064950124795585,-0.08368227320610773
2025-10-24,231.0,0.07987617281577243,0.12285226007039628,0.8089735599478669,1.551586918924809,-0.07708994557492024
2025-10-31,240.0,0.09153049660265467,0.13994901004292606,0.7960747624338061,1.531575564015075,-0.08945385831651498
2025-11-05,239.0,0.10002618040535069,0.15237936388652432,0.8095267376285186,1.5562529087054453,-0.09775087156858403
2025-11-10,236.0,0.09116570539808842,0.14226904411720767,0.825252421295201,1.5905177934535681,-0.08922112895499607
2025-11-14,237.0,0.10076511222212503,0.1545613851385735,0.8285576187113648,1.5881876957268966,-0.09772364448015745
2025-11-20,240.0,0.10991578965800866,0.16793784405796572,0.8563001642901997,1.6402758120521634,-0.10694528638665132
2025-11-25,245.0,0.11738365467353916,0.18145357355934982,0.8741571124267437,1.6615933069242854,-0.1142818106938173
2025-11-28,223.0,0.10415315092968935,0.16239479133711932,0.88821843211786,1.598423746002691,-0.09955962373743238
2025-12-05,220.0,0.09890656601805348,0.15804846361756197,0.886191089445685,1.6220497669666185,-0.09509655375725659
2025-12-10,223.0,0.09239339342605085,0.1484199168334257,0.8759617400674987,1.6223260182292056,-0.08906244169964268
2025-12-15,223.0,0.09803306480437436,0.15600806108950382,0.8839860031657897,1.6377133208210939,-0.09490999713931099
2025-12-19,321.0,0.06626873318808697,0.13287585798041915,0.6069330610707283,1.1661452293699073,-0.06392552146698889
2025-12-25,256.0,0.056691465757493564,0.11389930811280802,0.5478263506148652,1.0256125459660477,-0.05359557461943249
2025-12-30,261.0,0.05360124504088012,0.11023189341520599,0.5432511028623922,1.0348760237362176,-0.05310658683328164
2025-12-31,254.0,0.05972610598504193,0.11622427081041542,0.5732866097921276,1.088349622457556,-0.05838024065721621
2026-01-09,276.0,0.041659924595415954,0.08295249735492223,0.600651446156363,1.1340727435406384,-0.04146585029422386
2026-01-14,287.0,0.0457873829010345,0.08665042782696283,0.624828241144049,1.17894306670072,-0.0457873829010345
2026-01-19,281.0,0.03699529411573742,0.0761689190358891,0.6176154139504406,1.1795341976189826,-0.036777463201736034
2026-01-23,278.0,0.032890211512028644,0.06474995667511445,0.6600531816278167,1.254505896774602,-0.03287865236653408
2026-01-29,260.0,0.057736022658470866,0.10198612636771666,0.6345992080740129,1.194052881048157,-0.0577267412754036
2026-02-03,263.0,0.06815558249253781,0.11877447208805421,0.6361356411884123,1.1981038889783142,-0.06805378575643509
2026-02-06,262.0,0.07276542535831766,0.12887923127042247,0.6299306268850152,1.1945646537666308,-0.07249677961879215
2026-02-13,262.0,0.06027028046744347,0.11127179583257725,0.6392531895228515,1.21451879815535,-0.05991839412719376
2026-02-27,253.0,0.04810121979161671,0.09696762132324134,0.5923201693654946,1.1344786422997368,-0.04632266880799586
2026-03-05,256.0,0.06493180238183922,0.12172754890902272,0.6248525201611973,1.2007167072211233,-0.06450683521750472
2026-03-10,261.0,0.06149509436601401,0.12073491188143763,0.6190108816392782,1.1954601382119532,-0.061179045180420374
2026-03-13,261.0,0.0751244483408947,0.13890478809042112,0.6447911431336688,1.2380244879214186,-0.0750400564546749
2026-03-20,256.0,0.09153683975547762,0.16095764699106485,0.6905695473962572,1.3291506405259215,-0.0914521624763738
2026-03-25,188.0,0.0908350917699787,0.16510241746323817,0.547391115338321,1.0380471389218857,-0.08953743210977674
2026-03-30,228.0,0.08964093883823691,0.16120262460876608,0.5658153228516553,1.075061691868716,-0.08932639700954796
2026-04-03,229.0,0.0980486666140435,0.1731836564483311,0.586045404309274,1.1162255359574855,-0.09788090286059871
2026-04-09,229.0,0.0743321725492621,0.14081211305078806,0.5945540961974257,1.1154255052061723,-0.07099022922056314
2026-04-14,231.0,0.060381035897682414,0.11988074866577628,0.5895594633109982,1.1243238791546641,-0.0587378566775125
2026-04-17,229.0,0.055262982290711644,0.11091381760272823,0.6150612815266859,1.1754095050786106,-0.05454449488661221
2026-04-24,222.0,0.06333234197589639,0.11392129793936867,0.5811898483679854,1.1052713371628757,-0.06276819575888608
2026-04-29,223.0,0.057954172550983424,0.1055860981067015,0.5993992473551647,1.1438220042111846,-0.05722245510988397
2026-04-30,224.0,0.045419566537635805,0.08420523312394239,0.6035920088992556,1.1500663525487498,-0.04489280191131257
2026-05-08,249.0,0.054602494732453925,0.09892820377830246,0.6510819279533148,1.2454556118925266,-0.054558415291755355
2026-05-14,264.0,0.05992491577888748,0.10817508674872812,0.6779602627315343,1.3027816209774798,-0.05989074525353786
2026-05-19,265.0,0.05357509134161049,0.10124641786538366,0.6698447919127205,1.2932677752011863,-0.05334495734216825
2026-05-22,273.0,0.06256734827715439,0.11706057006128577,0.7024790271121222,1.3613978411305854,-0.06251191367629717
2026-05-29,257.0,0.10298656708313235,0.17065469724880347,0.6867421260057954,1.3173868467242857,-0.10263023476669421
2026-06-03,265.0,0.09919321738429564,0.17051112902625182,0.660417739761896,1.2731126852069856,-0.09875390645881647
2026-06-05,259.0,0.11425711715804555,0.18980039685097405,0.683417435918867,1.3151230490931938,-0.11359947883973713
